delta	lambda	item	intercept	depth	embBias	embBias_Two	embBias_Three	compatible	compatible_Two	compatible_Three	compatible:EmbBias
0.2	1	Item232_Critical_0	2.9537	0.8476	-0.1573	-0.0303	-0.2843	-1.1403	-0.4228	-1.8578	0.1096
0.2	1	Item232_Critical_1	7.2888	0.4631	-0.1353	-0.0839	-0.1867	-0.3489	-0.0827	-0.6151	0.0425
0.2	1	Item232_Critical_10	6.7997	-2.4857	-0.1281	-0.0289	-0.2272	-1.761	-1.7032	-1.8189	0.1961
0.2	1	Item232_Critical_11	9.4358	-0.949	-0.1706	-0.3086	-0.0325	-1.9907	-2.8911	-1.0903	0.3935
0.2	1	Item232_Critical_12	9.5062	-0.0825	-0.0115	-0.0006	-0.0225	-0.7097	-0.9261	-0.4933	-0.0971
0.2	1	Item232_Critical_13	7.6417	0.1338	-0.108	-0.0779	-0.1382	-2.8248	-2.6111	-3.0385	0.1163
0.2	1	Item232_Critical_14	2.5308	-0.073	-0.1063	-0.0752	-0.1374	-1.3888	-1.2511	-1.5265	0.0976
0.2	1	Item232_Critical_15	9.1486	0.1299	0.0328	0.0354	0.0302	-1.0972	-1.3875	-0.8068	0.0201
0.2	1	Item232_Critical_16	8.4043	-0.0546	-0.0573	-0.0507	-0.0639	0.6142	0.8578	0.3706	-0.023
0.2	1	Item232_Critical_17	2.8701	-0.5068	-0.159	-0.1576	-0.1604	-0.1678	-0.4006	0.065	0.0817
0.2	1	Item232_Critical_18	3.476	0.971	-0.045	-0.0623	-0.0277	0.2393	-0.071	0.5496	0.0548
0.2	1	Item232_Critical_19	8.4446	0.3664	-0.1114	-0.1164	-0.1064	-0.2936	-0.1039	-0.4833	0.0247
0.2	1	Item232_Critical_2	3.1527	1.0258	-0.2042	-0.0684	-0.34	0.8689	0.2733	1.4645	-0.1718
0.2	1	Item232_Critical_20	8.2005	-0.1138	-0.0165	-0.0419	0.0089	-0.035	-0.4816	0.4116	-0.0156
0.2	1	Item232_Critical_21	10.3213	-0.0686	0.0694	0.083	0.0557	-0.1507	0.35	-0.6514	0.0282
0.2	1	Item232_Critical_23	7.5584	-0.1445	0.1214	0.144	0.0988	-0.7556	-1.0163	-0.4949	0.1238
0.2	1	Item232_Critical_24	7.89	0.3196	-0.0179	-0.0451	0.0092	1.4172	1.6014	1.2329	-0.0885
0.2	1	Item232_Critical_25	2.7323	0.5795	-0.0703	-0.0592	-0.0815	0.3846	0.0296	0.7396	0.0453
0.2	1	Item232_Critical_26	2.9167	0.2309	-0.1396	-0.085	-0.1941	-0.4704	-0.5131	-0.4277	-0.002
0.2	1	Item232_Critical_27	9.411	-1.0655	0.0249	0.1249	-0.0752	-0.3335	-0.3779	-0.289	0.024
0.2	1	Item232_Critical_28	8.4706	0.3166	0.098	0.0646	0.1315	1.0485	0.869	1.228	0.0743
0.2	1	Item232_Critical_3	4.4255	-0.7101	-0.2423	-0.145	-0.3397	3.5694	4.7936	2.3452	-0.3741
0.2	1	Item232_Critical_30	3.0226	-0.0036	-0.1187	-0.1307	-0.1066	-0.6006	-0.52	-0.6811	0.0521
0.2	1	Item232_Critical_4	10.0584	1.1354	-0.0777	-0.0544	-0.101	0.8831	0.7676	0.9987	0.1012
0.2	1	Item232_Critical_5	6.6879	0.3268	-0.0301	-0.0418	-0.0185	0.6726	1.0811	0.264	-0.0466
0.2	1	Item232_Critical_6	6.6703	0.1801	0.1656	0.1422	0.1889	0.7738	1.1277	0.42	-0.0653
0.2	1	Item232_Critical_7	8.6412	0.0766	-0.0142	0.0243	-0.0527	0.9552	0.4907	1.4198	-0.0764
0.2	1	Item232_Critical_8	7.6446	0.1835	-0.1216	-0.1243	-0.119	0.0461	0.0558	0.0365	0.0688
0.2	1	Item232_Critical_9	3.2278	0.7533	-0.1229	-0.0315	-0.2143	0.0858	0.2278	-0.0562	-0.0377
0.2	1	Item238_Critical_VAdv1	12.7117	1.0102	-0.0874	-0.1072	-0.0677	NA	NA	NA	NA
0.2	1	Item238_Critical_VN1	3.0744	-0.4305	-0.0946	-0.0615	-0.1278	1.0842	1.671	0.4974	-0.0458
0.2	1	Item238_Critical_VN2	8.5012	0.0344	-0.23	-0.2341	-0.2259	-1.2968	-0.8126	-1.781	-0.1046
0.2	1	Item238_Critical_VN3	8.899	0.8601	-0.1983	-0.0883	-0.3082	-0.854	-0.8113	-0.8967	0.037
0.2	1	Item238_Critical_VN5	10.55	-0.1117	0.0286	0.0305	0.0267	0.1629	0.5289	-0.2031	0.128
0.2	1	Item238_Critical_Vadv1	11.3945	0.2236	0.18	0.1225	0.2376	NA	NA	NA	NA
0.2	1	Item238_Critical_Vadv2	12.291	-0.1519	-0.0359	-0.062	-0.0098	0.1648	0.2705	0.0591	-0.0701
0.2	1	Item238_Critical_Vadv3	5.847	0.1274	-0.0243	-0.0552	0.0066	0.9096	0.6954	1.1239	-0.0165
0.2	1	Item238_Critical_Vadv5	7.808	0.5862	-0.1015	-0.0278	-0.1752	-0.3012	-0.2254	-0.377	-0.0501
0.2	1	Item238_Critical_Vadv6	9.5705	0.0811	0.0273	0.0626	-0.008	-2.1329	-2.0139	-2.2519	-0.0605
0.2	1	Item238_Critical_Vadv7	8.3359	0.035	-0.0485	-0.0698	-0.0271	0.7444	0.927	0.5618	-0.0043
0.2	1	Item238_Critical_Vadv8	2.5832	0.4268	0.0033	-0.0523	0.0589	0.1928	-0.0466	0.4321	-0.018
0.2	1	Item238_Critical_Vadv9	7.8292	-0.1773	-0.0435	-0.0071	-0.0799	0.0142	0.0847	-0.0562	-0.0123
0.2	1	ItemCritical_6	3.3491	0.0709	-0.1345	-0.1323	-0.1367	0.5241	0.6779	0.3703	0.0186
0.25	1	Item232_Critical_0	2.8845	0.7145	-0.0652	-0.0238	-0.1065	-0.9883	-0.4339	-1.5426	0.0725
0.25	1	Item232_Critical_1	7.2035	0.3221	-0.0796	-0.0913	-0.0679	-0.3339	-0.1331	-0.5348	0.067
0.25	1	Item232_Critical_10	6.8867	-2.2898	-0.0685	-0.0348	-0.1022	-1.7621	-1.7573	-1.7668	0.1512
0.25	1	Item232_Critical_11	9.452	-0.8731	-0.1573	-0.3205	0.0059	-1.8461	-2.8723	-0.8199	0.3873
0.25	1	Item232_Critical_12	9.4937	-0.0285	-0.003	0.014	-0.0199	-0.659	-0.8891	-0.4289	-0.0744
0.25	1	Item232_Critical_13	7.6716	0.2269	-0.0717	-0.0759	-0.0676	-2.8179	-2.6107	-3.025	0.1009
0.25	1	Item232_Critical_14	2.5834	0.0335	-0.0664	-0.0806	-0.0521	-1.3967	-1.2392	-1.5542	0.0663
0.25	1	Item232_Critical_15	9.1684	0.2138	0.0385	0.0411	0.0359	-0.96	-1.4212	-0.4988	0.0281
0.25	1	Item232_Critical_16	8.4078	-0.0453	-0.0318	-0.0389	-0.0248	0.563	0.8903	0.2358	0.0183
0.25	1	Item232_Critical_17	2.935	-0.3712	-0.1273	-0.178	-0.0766	-0.1575	-0.3717	0.0566	0.0427
0.25	1	Item232_Critical_18	3.4807	1.0279	-0.0362	-0.0562	-0.0161	0.1169	-0.0384	0.2722	0.0176
0.25	1	Item232_Critical_19	8.3469	0.271	-0.0758	-0.1125	-0.0391	-0.2754	-0.1424	-0.4085	0.0159
0.25	1	Item232_Critical_2	3.1526	1.0438	-0.1077	-0.06	-0.1554	0.7207	0.2985	1.1429	-0.117
0.25	1	Item232_Critical_20	8.123	-0.1808	0.0025	0.0104	-0.0054	0.0631	-0.447	0.5732	-0.0256
0.25	1	Item232_Critical_21	10.3144	-0.072	0.0852	0.1062	0.0641	-0.2479	0.3683	-0.8641	0.0373
0.25	1	Item232_Critical_23	7.5275	-0.1743	0.0957	0.152	0.0395	-0.6876	-1.0176	-0.3576	0.0948
0.25	1	Item232_Critical_24	7.8244	0.2704	-0.0354	-0.0416	-0.0293	1.3127	1.6109	1.0145	-0.0692
0.25	1	Item232_Critical_25	2.7623	0.7063	-0.0434	-0.0653	-0.0215	0.3531	0.0319	0.6744	0.0358
0.25	1	Item232_Critical_26	2.9513	0.384	-0.0745	-0.0984	-0.0505	-0.5331	-0.4912	-0.5751	-0.0238
0.25	1	Item232_Critical_27	9.478	-0.8868	0.0546	0.1443	-0.0352	-0.3578	-0.3815	-0.3341	0.0441
0.25	1	Item232_Critical_28	8.4517	0.336	0.0857	0.0738	0.0975	0.9707	0.84	1.1014	0.0681
0.25	1	Item232_Critical_3	4.4474	-0.633	-0.1621	-0.1572	-0.167	3.5793	4.7606	2.3981	-0.2499
0.25	1	Item232_Critical_30	3.0325	0.0577	-0.083	-0.1278	-0.0381	-0.6029	-0.5332	-0.6727	0.044
0.25	1	Item232_Critical_4	10.0527	1.1635	-0.0471	-0.0512	-0.043	0.8559	0.7422	0.9695	0.0907
0.25	1	Item232_Critical_5	6.707	0.3898	-0.0224	-0.044	-0.0009	0.7333	1.0915	0.3752	-0.0388
0.25	1	Item232_Critical_6	6.6797	0.2423	0.1225	0.1414	0.1037	0.7725	1.1498	0.3953	-0.0412
0.25	1	Item232_Critical_7	8.6323	0.0778	0.0104	0.0305	-0.0096	1.0426	0.4943	1.5908	-0.0203
0.25	1	Item232_Critical_8	7.6001	0.1484	-0.0883	-0.1273	-0.0492	0.0431	0.1221	-0.0359	0.0506
0.25	1	Item232_Critical_9	3.2369	0.8207	-0.0588	-0.0367	-0.0809	0.0653	0.1776	-0.0471	-0.0442
0.25	1	Item238_Critical_VAdv1	12.5098	0.6522	-0.0352	-0.0684	-0.0019	NA	NA	NA	NA
0.25	1	Item238_Critical_VN1	3.1121	-0.2403	-0.036	-0.049	-0.0229	1.0193	1.6349	0.4037	-0.0563
0.25	1	Item238_Critical_VN2	8.4333	-0.067	-0.1681	-0.2377	-0.0985	-1.2525	-0.854	-1.651	-0.0496
0.25	1	Item238_Critical_VN3	9.4598	1.9699	-0.3345	-0.0877	-0.5814	-0.5304	-0.806	-0.2549	-0.0104
0.25	1	Item238_Critical_VN5	10.5041	-0.0796	0.0344	0.0464	0.0224	0.2253	0.4943	-0.0436	0.0803
0.25	1	Item238_Critical_Vadv1	11.2914	0.1424	0.1173	0.1087	0.1259	NA	NA	NA	NA
0.25	1	Item238_Critical_Vadv2	12.2842	0.0781	-0.0525	-0.0097	-0.0954	0.248	0.2474	0.2485	0.0198
0.25	1	Item238_Critical_Vadv3	5.7425	0.1649	0.0032	0.0329	-0.0266	0.839	0.5318	1.1462	-0.0229
0.25	1	Item238_Critical_Vadv5	8.3095	1.6586	-0.3077	0.0091	-0.6244	0.0842	-0.1991	0.3676	-0.08
0.25	1	Item238_Critical_Vadv6	9.5539	0.1093	0.0567	0.0732	0.0402	-2.2797	-2.0692	-2.4903	-0.048
0.25	1	Item238_Critical_Vadv7	8.2404	0.1003	-0.031	-0.0197	-0.0424	0.7674	0.8689	0.6658	0.0406
0.25	1	Item238_Critical_Vadv8	2.3793	0.369	-0.0343	-0.0266	-0.0419	0.0835	-0.24	0.4069	0.0231
0.25	1	Item238_Critical_Vadv9	8.065	0.4519	-0.1898	0.0364	-0.416	0.3991	0.0959	0.7024	-0.1872
0.25	1	ItemCritical_6	3.3091	0.0653	-0.0897	-0.1115	-0.068	0.5397	0.6295	0.4499	-0.03
0.3	1	Item232_Critical_0	3.6785	2.3727	-0.0365	-0.006	-0.0669	-0.5577	-0.4288	-0.6866	0.016
0.3	1	Item232_Critical_1	7.9174	1.8047	-0.0651	-0.0673	-0.0629	-0.0204	-0.0914	0.0506	0.0301
0.3	1	Item232_Critical_10	7.6814	-0.7186	-0.0601	-0.0226	-0.0975	-1.3509	-1.7251	-0.9766	0.0481
0.3	1	Item232_Critical_11	10.3131	0.8861	-0.1839	-0.2931	-0.0747	-1.7434	-2.9211	-0.5656	0.3077
0.3	1	Item232_Critical_12	10.4822	2.0049	-0.0198	0.0213	-0.061	0.0793	-0.8836	1.0422	-0.0304
0.3	1	Item232_Critical_13	8.7671	2.4498	-0.0738	-0.0547	-0.0928	-2.3314	-2.6086	-2.0542	0.1252
0.3	1	Item232_Critical_14	3.6702	2.3269	-0.1021	-0.062	-0.1422	-1.5639	-1.2614	-1.8665	0.1218
0.3	1	Item232_Critical_15	9.8857	1.6796	0.001	0.0663	-0.0643	-0.2318	-1.4182	0.9546	-0.079
0.3	1	Item232_Critical_16	9.3495	1.896	-0.0215	-0.019	-0.0241	0.765	0.8671	0.6629	0.0996
0.3	1	Item232_Critical_17	4.258	2.324	-0.1598	-0.1567	-0.1629	0.0321	-0.3596	0.4237	0.0853
0.3	1	Item232_Critical_18	4.2425	2.5997	-0.0818	-0.0467	-0.117	-0.2472	-0.0501	-0.4443	0.0694
0.3	1	Item232_Critical_19	9.2864	2.1653	-0.0763	-0.0863	-0.0663	0.4793	-0.1318	1.0903	-0.0393
0.3	1	Item232_Critical_2	4.3464	3.5244	-0.0606	-0.0299	-0.0914	0.6762	0.2852	1.0673	-0.1015
0.3	1	Item232_Critical_20	8.7254	1.0461	-0.0104	0.0064	-0.0272	0.1724	-0.4415	0.7862	-0.0578
0.3	1	Item232_Critical_21	10.8733	1.1359	0.0428	0.1062	-0.0205	0.0519	0.413	-0.3092	-0.0057
0.3	1	Item232_Critical_23	8.2935	1.4213	0.0522	0.1523	-0.0479	-0.2442	-1.0248	0.5364	0.0454
0.3	1	Item232_Critical_24	8.8918	2.4634	-0.0324	-0.0276	-0.0371	1.5442	1.5985	1.4899	-0.0294
0.3	1	Item232_Critical_25	4.0388	3.3639	-0.0512	-0.0531	-0.0492	0.2002	-0.0231	0.4235	-0.0511
0.3	1	Item232_Critical_26	4.0902	2.7313	-0.0842	-0.0735	-0.095	-0.3183	-0.5575	-0.0791	0.0339
0.3	1	Item232_Critical_27	10.8698	1.9773	0.0844	0.1426	0.0261	-0.216	-0.369	-0.0631	-0.0373
0.3	1	Item232_Critical_28	9.3268	2.1743	0.0365	0.0823	-0.0093	1.0363	0.8201	1.2524	0.016
0.3	1	Item232_Critical_3	5.2736	1.0513	-0.0951	-0.1255	-0.0648	4.1923	4.8287	3.5558	-0.1216
0.3	1	Item232_Critical_30	4.1359	2.3603	-0.0619	-0.1011	-0.0228	-0.4298	-0.58	-0.2796	0.0222
0.3	1	Item232_Critical_4	10.6349	2.3764	-0.0509	-0.0492	-0.0525	0.8018	0.7224	0.8813	0.0815
0.3	1	Item232_Critical_5	7.3382	1.6892	-0.0438	-0.0329	-0.0548	1.6652	1.0903	2.2401	-0.0407
0.3	1	Item232_Critical_6	7.7968	2.5186	0.0475	0.1665	-0.0715	0.8563	1.123	0.5896	-0.0282
0.3	1	Item232_Critical_7	8.9265	0.7113	0.0294	0.0572	0.0016	1.7211	0.4974	2.9449	0.02
0.3	1	Item232_Critical_8	8.1036	1.2094	-0.0744	-0.1088	-0.0401	0.4122	0.1167	0.7077	0.0504
0.3	1	Item232_Critical_9	4.649	3.717	-0.0487	-0.0095	-0.0879	-0.6034	0.2003	-1.4071	-0.0142
0.3	1	Item238_Critical_VAdv1	12.9545	1.5921	-0.0943	-0.0278	-0.1609	NA	NA	NA	NA
0.3	1	Item238_Critical_VN1	4.7464	3.0284	-0.0767	-0.0441	-0.1094	1.0459	1.6547	0.4372	-0.1167
0.3	1	Item238_Critical_VN2	9.0768	1.3339	-0.122	-0.1931	-0.0509	-0.7883	-0.8906	-0.686	-0.0469
0.3	1	Item238_Critical_VN3	10.6987	4.4969	-0.0675	-0.0883	-0.0467	-0.5478	-0.7624	-0.3332	0.0044
0.3	1	Item238_Critical_VN5	11.7934	2.5428	-0.0197	0.076	-0.1153	0.3697	0.4966	0.2427	0.0763
0.3	1	Item238_Critical_Vadv1	12.1003	1.8335	0.063	0.0907	0.0352	NA	NA	NA	NA
0.3	1	Item238_Critical_Vadv2	12.9436	1.5752	-0.2363	0.0257	-0.4983	0.6061	0.2244	0.9877	-0.0041
0.3	1	Item238_Critical_Vadv3	6.9382	2.9602	-0.1572	0.0366	-0.3511	2.5319	0.3776	4.6863	-0.0243
0.3	1	Item238_Critical_Vadv5	9.4488	4.0944	-0.0055	0.0279	-0.039	-0.1749	-0.2728	-0.0771	0.0228
0.3	1	Item238_Critical_Vadv6	9.9288	0.8981	0.023	0.1083	-0.0622	-1.8841	-2.1708	-1.5975	-0.102
0.3	1	Item238_Critical_Vadv7	9.096	2.0121	-0.351	-0.0054	-0.6967	1.0799	0.7593	1.4005	-0.0072
0.3	1	Item238_Critical_Vadv8	3.1962	2.179	-0.2815	0.0122	-0.5752	0.7329	-0.2891	1.7548	-0.1689
0.3	1	Item238_Critical_Vadv9	9.5909	3.5402	0.0337	0.0769	-0.0095	0.8797	0.0869	1.6724	-0.0363
0.3	1	ItemCritical_6	4.5165	2.5551	-0.084	-0.0888	-0.0793	0.2121	0.6465	-0.2222	0.0974
0.35	0.75	Item232_Critical_0	2.9098	0.7428	-0.0071	-0.0158	0.0015	-0.9368	-0.4479	-1.4257	0.0176
0.35	0.75	Item232_Critical_1	7.2447	0.3949	-0.042	-0.0753	-0.0088	-0.4163	-0.0982	-0.7344	0.0394
0.35	0.75	Item232_Critical_10	6.9425	-2.1621	-0.0062	-0.0105	-0.0019	-1.7727	-1.7554	-1.79	0.1164
0.35	0.75	Item232_Critical_11	9.6261	-0.4977	-0.1371	-0.288	0.0137	-1.9556	-2.8791	-1.0321	0.3668
0.35	0.75	Item232_Critical_12	9.6112	0.1775	-0.0073	0.0101	-0.0248	-0.4978	-0.9358	-0.0598	-0.0571
0.35	0.75	Item232_Critical_13	7.7491	0.3824	-0.0363	-0.0589	-0.0138	-2.7478	-2.6309	-2.8647	0.0652
0.35	0.75	Item232_Critical_14	2.7268	0.3716	-0.0238	-0.0653	0.0176	-1.5811	-1.2468	-1.9153	0.0374
0.35	0.75	Item232_Critical_15	9.3454	0.604	0.0084	0.0438	-0.0271	-0.6584	-1.4018	0.085	-0.0008
0.35	0.75	Item232_Critical_16	8.4053	-0.0259	-0.0113	-0.0304	0.0078	0.465	0.8587	0.0713	0.055
0.35	0.75	Item232_Critical_17	2.9854	-0.2349	-0.0817	-0.1614	-0.002	-0.2078	-0.3768	-0.0387	0.0726
0.35	0.75	Item232_Critical_18	3.5857	1.3051	-0.0061	-0.0374	0.0252	-0.1565	-0.0493	-0.2637	0.0375
0.35	0.75	Item232_Critical_19	8.3164	0.235	-0.0594	-0.1027	-0.0161	-0.0724	-0.1436	-0.0011	0.0173
0.35	0.75	Item232_Critical_2	3.1624	1.1071	-0.0125	-0.0198	-0.0053	0.678	0.2628	1.0932	0.0161
0.35	0.75	Item232_Critical_20	8.0732	-0.2844	0.0023	0.0107	-0.0061	0.0835	-0.4453	0.6123	-0.0451
0.35	0.75	Item232_Critical_21	10.3395	0.0238	0.0582	0.1165	-0.0002	-0.2285	0.3662	-0.8231	0.0093
0.35	0.75	Item232_Critical_23	7.5723	-0.0997	0.0746	0.1562	-0.0071	-0.6492	-0.9931	-0.3054	0.0527
0.35	0.75	Item232_Critical_24	7.8277	0.2766	-0.0041	-0.0251	0.0169	1.258	1.5588	0.9572	-0.0396
0.35	0.75	Item232_Critical_25	2.9564	1.1448	-0.0292	-0.0395	-0.0189	0.4552	-0.022	0.9324	0.0112
0.35	0.75	Item232_Critical_26	3.0457	0.5153	-0.0316	-0.0576	-0.0056	-0.4974	-0.4959	-0.4989	0.0424
0.35	0.75	Item232_Critical_27	9.5664	-0.7166	0.0692	0.1374	0.0011	-0.3801	-0.3679	-0.3924	0.0758
0.35	0.75	Item232_Critical_28	8.4471	0.3644	0.0431	0.0859	0.0003	0.8334	0.8355	0.8313	0.0073
0.35	0.75	Item232_Critical_3	4.5289	-0.4481	-0.0746	-0.1412	-0.0079	3.6819	4.795	2.5689	-0.103
0.35	0.75	Item232_Critical_30	3.0899	0.2169	-0.0559	-0.1063	-0.0055	-0.5675	-0.5757	-0.5593	0.0165
0.35	0.75	Item232_Critical_4	10.0502	1.2299	-0.0157	-0.0462	0.0149	0.8582	0.7296	0.9868	0.0771
0.35	0.75	Item232_Critical_5	6.6736	0.3485	-0.0075	-0.0264	0.0114	0.7954	1.0896	0.5011	-0.0191
0.35	0.75	Item232_Critical_6	6.7941	0.5186	0.0884	0.1598	0.017	0.714	1.1022	0.3258	-0.0455
0.35	0.75	Item232_Critical_7	8.5894	0.0025	0.0246	0.0538	-0.0047	1.109	0.4838	1.7341	0.0051
0.35	0.75	Item232_Critical_8	7.623	0.1946	-0.0459	-0.1031	0.0112	-0.0573	0.0856	-0.2003	0.0372
0.35	0.75	Item232_Critical_9	3.3806	1.08	-0.0089	-0.0328	0.015	-0.2272	0.1596	-0.6141	-0.0026
0.35	0.75	Item238_Critical_VAdv1	12.3856	0.3811	-0.0338	-0.0277	-0.04	NA	NA	NA	NA
0.35	0.75	Item238_Critical_VN1	3.8489	1.2137	-0.0406	-0.0467	-0.0346	1.2326	1.603	0.8623	-0.0789
0.35	0.75	Item238_Critical_VN2	8.4701	0.0555	-0.0998	-0.2167	0.0171	-1.0934	-0.8253	-1.3615	-0.0542
0.35	0.75	Item238_Critical_VN3	10.832	4.7575	-0.2553	-0.0665	-0.4441	0.1277	-0.7902	1.0457	-0.0235
0.35	0.75	Item238_Critical_VN5	10.5484	0.0296	0.0415	0.0694	0.0137	0.2727	0.5013	0.0442	0.0461
0.35	0.75	Item238_Critical_Vadv1	11.1957	-0.0487	0.0406	0.065	0.0161	NA	NA	NA	NA
0.35	0.75	Item238_Critical_Vadv2	12.4435	1.2317	-0.0834	0.0127	-0.1796	0.7737	0.1549	1.3925	0.01
0.35	0.75	Item238_Critical_Vadv3	6.3128	3.1933	0.0354	0.0064	0.0645	2.6077	0.448	4.7673	0.1067
0.35	0.75	Item238_Critical_Vadv5	9.7692	3.8162	-0.4235	-0.136	-0.7111	0.1835	-0.253	0.62	0.0122
0.35	0.75	Item238_Critical_Vadv6	9.7415	0.5075	-0.0394	-0.009	-0.0697	-1.2865	-1.7825	-0.7905	0.021
0.35	0.75	Item238_Critical_Vadv7	8.6828	0.7775	-0.0256	0.0235	-0.0747	1.3506	0.7745	1.9267	-0.0148
0.35	0.75	Item238_Critical_Vadv8	2.4582	0.336	-0.0561	-0.0062	-0.106	-0.1824	-0.2688	-0.0961	-0.0371
0.35	0.75	Item238_Critical_Vadv9	8.9752	1.5434	-0.3527	-0.1459	-0.5596	1.4655	0.1289	2.8022	-0.1427
0.35	0.75	ItemCritical_6	3.3729	0.2362	-0.0568	-0.106	-0.0077	0.55	0.5905	0.5096	-0.0158
0.35	1	Item232_Critical_0	2.8841	0.7909	-0.1696	-0.0483	-0.291	-1.2161	-0.517	-1.9153	0.1523
0.35	1	Item232_Critical_1	7.2759	0.3137	-0.1423	-0.1011	-0.1835	-0.3865	-0.1586	-0.6145	0.0907
0.35	1	Item232_Critical_10	6.736	-2.6058	-0.1549	-0.054	-0.2558	-1.7971	-1.6754	-1.9189	0.1511
0.35	1	Item232_Critical_11	9.458	-1.0135	-0.1886	-0.3435	-0.0337	-1.9688	-2.9103	-1.0273	0.4194
0.35	1	Item232_Critical_12	9.4832	-0.0943	-0.0251	0.0016	-0.0518	-0.7754	-0.9216	-0.6291	-0.0427
0.35	1	Item232_Critical_13	7.6231	0.1201	-0.1467	-0.1157	-0.1777	-2.8162	-2.4851	-3.1474	0.0408
0.35	1	Item232_Critical_14	2.4799	-0.1109	-0.166	-0.1353	-0.1968	-1.3638	-1.1512	-1.5764	0.0967
0.35	1	Item232_Critical_15	9.1512	0.1246	0.0026	0.0426	-0.0374	-1.0771	-1.3078	-0.8464	-0.0907
0.35	1	Item232_Critical_16	8.4067	-0.1168	-0.0591	-0.0563	-0.062	0.5271	0.8752	0.1789	0.035
0.35	1	Item232_Critical_17	2.81	-0.5624	-0.2232	-0.202	-0.2443	-0.2466	-0.4002	-0.093	0.0913
0.35	1	Item232_Critical_18	3.4523	1.0796	-0.0997	-0.0723	-0.1271	0.1552	-0.0228	0.3332	0.048
0.35	1	Item232_Critical_19	8.4072	0.358	-0.1182	-0.0982	-0.1381	-0.2905	-0.0745	-0.5066	-0.053
0.35	1	Item232_Critical_2	3.0829	0.9778	-0.2144	-0.0903	-0.3385	0.7555	0.2748	1.2362	-0.1109
0.35	1	Item232_Critical_20	8.2082	-0.1955	-0.0035	0.0163	-0.0233	-0.0022	-0.5034	0.499	-0.0514
0.35	1	Item232_Critical_21	10.3441	-0.1832	0.0386	0.0456	0.0317	-0.1848	0.4251	-0.7947	-0.0152
0.35	1	Item232_Critical_23	7.5239	-0.1602	0.0995	0.1515	0.0475	-0.7697	-0.9584	-0.5809	0.0845
0.35	1	Item232_Critical_24	7.8388	0.2893	-0.0547	-0.0563	-0.0532	1.3743	1.6493	1.0993	-0.1066
0.35	1	Item232_Critical_25	2.6522	0.6077	-0.119	-0.0958	-0.1422	0.2911	-0.0106	0.5927	0.057
0.35	1	Item232_Critical_26	2.7828	0.1592	-0.1638	-0.1361	-0.1915	-0.6471	-0.5877	-0.7065	0.0376
0.35	1	Item232_Critical_27	9.4034	-1.1703	-0.0023	0.1009	-0.1056	-0.4015	-0.4106	-0.3924	0.0327
0.35	1	Item232_Critical_28	8.424	0.2656	0.0882	0.0526	0.1239	1.0504	0.8293	1.2716	0.0649
0.35	1	Item232_Critical_3	4.411	-0.7648	-0.2853	-0.1952	-0.3755	3.5774	4.881	2.2739	-0.4244
0.35	1	Item232_Critical_30	2.9508	-0.0989	-0.1632	-0.148	-0.1784	-0.6463	-0.5486	-0.7439	0.0262
0.35	1	Item232_Critical_4	10.0196	1.0935	-0.0843	-0.0727	-0.0959	0.7884	0.7136	0.8632	0.0901
0.35	1	Item232_Critical_5	6.6781	0.3845	-0.0268	-0.0101	-0.0434	0.6382	1.0461	0.2303	-0.0981
0.35	1	Item232_Critical_6	6.6275	0.1304	0.108	0.1134	0.1026	0.6913	1.1002	0.2824	-0.0476
0.35	1	Item232_Critical_7	8.6239	0.0604	-0.0291	0.0102	-0.0683	0.9494	0.4861	1.4126	-0.0893
0.35	1	Item232_Critical_8	7.6872	0.1171	-0.1601	-0.1835	-0.1368	0.073	0.1372	0.0088	0.0291
0.35	1	Item232_Critical_9	3.174	0.8299	-0.1301	-0.0268	-0.2334	0.1515	0.2206	0.0824	-0.0834
0.35	1	Item238_Critical_VAdv1	12.6366	0.9954	-0.0585	-0.0988	-0.0182	NA	NA	NA	NA
0.35	1	Item238_Critical_VN1	2.9799	-0.4653	-0.1579	-0.0874	-0.2283	0.9522	1.5639	0.3406	-0.0541
0.35	1	Item238_Critical_VN2	8.4719	0.0002	-0.2587	-0.2623	-0.2552	-1.2309	-0.7729	-1.6889	-0.0519
0.35	1	Item238_Critical_VN3	8.6867	0.4997	-0.2804	-0.0497	-0.5112	-0.9239	-0.8126	-1.0352	-0.0775
0.35	1	Item238_Critical_VN5	10.5365	-0.1121	-0.0078	0.0535	-0.0691	0.2358	0.5972	-0.1257	0.0623
0.35	1	Item238_Critical_Vadv1	11.267	0.2822	0.2263	0.19	0.2625	NA	NA	NA	NA
0.35	1	Item238_Critical_Vadv2	12.1448	-0.0329	-0.0813	-0.0044	-0.1582	0.4274	0.2756	0.5793	-0.057
0.35	1	Item238_Critical_Vadv3	5.5606	0.0536	0.0304	0.0399	0.0208	0.772	0.5031	1.0409	0.0112
0.35	1	Item238_Critical_Vadv5	7.5797	0.4205	-0.1373	0.02	-0.2945	-0.2881	-0.2329	-0.3433	-0.0916
0.35	1	Item238_Critical_Vadv6	9.5698	0.1635	0.0901	0.0715	0.1088	-2.3961	-2.1567	-2.6356	-0.134
0.35	1	Item238_Critical_Vadv7	7.9675	-0.3039	-0.0835	-0.0696	-0.0974	0.7069	0.7615	0.6523	-0.0341
0.35	1	Item238_Critical_Vadv8	2.1527	0.0265	-0.0728	-0.049	-0.0965	0.0088	-0.2922	0.3099	0.0101
0.35	1	Item238_Critical_Vadv9	7.771	-0.1964	-0.0664	0.0154	-0.1482	-0.1135	0.0636	-0.2905	-0.0623
0.35	1	ItemCritical_6	3.2255	-0.1046	-0.186	-0.2013	-0.1708	0.3494	0.5352	0.1636	0.0152
0.4	0.5	Item232_Critical_0	3.5236	0.4335	-0.2869	-0.2768	-0.2971	-0.7167	-0.0826	-1.3508	0.0328
0.4	0.5	Item232_Critical_1	8.0202	0.5103	-0.2728	-0.3355	-0.2101	-0.3172	-0.1067	-0.5276	0.088
0.4	0.5	Item232_Critical_10	7.3888	-2.073	-0.1977	-0.146	-0.2495	-1.4016	-1.144	-1.6593	0.0201
0.4	0.5	Item232_Critical_11	10.2255	-0.7591	-0.3612	-0.5115	-0.2108	-1.7052	-2.1528	-1.2576	0.2752
0.4	0.5	Item232_Critical_12	10.107	-0.4982	-0.1115	-0.1202	-0.1029	-0.3208	-0.6707	0.0291	-0.0097
0.4	0.5	Item232_Critical_13	8.1781	-0.4573	-0.1784	-0.1794	-0.1775	-2.1585	-2.1717	-2.1452	-0.0423
0.4	0.5	Item232_Critical_14	3.3696	-0.7773	-0.2923	-0.4074	-0.1772	-0.9787	-0.3977	-1.5598	0.1356
0.4	0.5	Item232_Critical_15	9.6331	-0.199	-0.0494	-0.0641	-0.0347	-0.8139	-1.1743	-0.4534	0.007
0.4	0.5	Item232_Critical_16	8.9896	-0.3165	-0.1917	-0.2292	-0.1542	1.1175	1.6655	0.5695	-0.1486
0.4	0.5	Item232_Critical_17	3.4857	-0.6585	-0.3122	-0.4343	-0.1901	0.1269	-0.1059	0.3597	-0.006
0.4	0.5	Item232_Critical_18	3.9266	0.345	-0.1893	-0.2978	-0.0807	0.3315	0.1614	0.5016	0.0489
0.4	0.5	Item232_Critical_19	9.0555	0.0567	-0.2813	-0.3331	-0.2295	0.3495	0.7787	-0.0797	-0.1002
0.4	0.5	Item232_Critical_2	3.775	0.4172	-0.3296	-0.3249	-0.3344	1.1234	0.6597	1.5872	-0.0935
0.4	0.5	Item232_Critical_20	8.5499	-0.3595	-0.0992	-0.1524	-0.046	0.0768	-0.2074	0.3609	-0.0081
0.4	0.5	Item232_Critical_21	10.9252	-0.34	-0.064	-0.1362	0.0082	-0.02	0.4044	-0.4444	0.0624
0.4	0.5	Item232_Critical_23	7.9716	-0.4021	0.043	0.0572	0.0288	-0.4861	-0.5849	-0.3873	0.0956
0.4	0.5	Item232_Critical_24	8.5843	-0.1151	-0.1635	-0.2924	-0.0346	1.1701	1.3162	1.0239	0.0362
0.4	0.5	Item232_Critical_25	3.648	-0.2258	-0.2328	-0.4159	-0.0498	1.003	1.1761	0.8299	0.1561
0.4	0.5	Item232_Critical_26	3.7555	-0.2463	-0.3762	-0.4696	-0.2829	0.012	-0.0637	0.0876	-0.1505
0.4	0.5	Item232_Critical_27	10.0571	-1.167	-0.1249	-0.0442	-0.2056	-0.2451	-0.5044	0.0142	0.025
0.4	0.5	Item232_Critical_28	9.0086	-0.2764	-0.0972	-0.2229	0.0284	0.9391	0.9795	0.8987	0.0858
0.4	0.5	Item232_Critical_3	4.7875	-0.6119	-0.3671	-0.304	-0.4301	3.6696	4.678	2.6612	-0.3601
0.4	0.5	Item232_Critical_30	3.8648	-0.2935	-0.3596	-0.47	-0.2492	-0.0719	0.2771	-0.4208	-0.0002
0.4	0.5	Item232_Critical_4	10.65	0.8162	-0.2503	-0.3612	-0.1395	1.4228	1.643	1.2025	0.0095
0.4	0.5	Item232_Critical_5	7.1567	0.0986	-0.1686	-0.2549	-0.0823	1.3131	1.7861	0.8402	-0.1803
0.4	0.5	Item232_Critical_6	7.3037	-0.1634	-0.037	-0.1105	0.0365	1.0454	1.7324	0.3585	0.039
0.4	0.5	Item232_Critical_7	9.1644	-0.3598	-0.111	-0.153	-0.069	1.1104	0.768	1.4529	0.049
0.4	0.5	Item232_Critical_8	8.4104	-0.1835	-0.2561	-0.3886	-0.1237	0.1402	0.173	0.1074	0.129
0.4	0.5	Item232_Critical_9	3.9489	0.4053	-0.2716	-0.2673	-0.2759	-0.3218	-0.1096	-0.5339	0.1968
0.4	0.5	Item238_Critical_VAdv1	13.6274	-0.3393	-0.165	-0.2305	-0.0996	NA	NA	NA	NA
0.4	0.5	Item238_Critical_VN1	3.9928	-0.3012	-0.2113	-0.3032	-0.1194	1.3308	2.0986	0.5631	-0.021
0.4	0.5	Item238_Critical_VN2	9.4093	-0.556	-0.3528	-0.4564	-0.2491	-1.3182	-0.723	-1.9135	-0.0181
0.4	0.5	Item238_Critical_VN3	9.6281	0.4141	-0.3477	-0.3678	-0.3277	-0.5267	-0.5446	-0.5089	0.0571
0.4	0.5	Item238_Critical_VN5	11.2753	-0.1261	-0.247	-0.3543	-0.1397	0.2328	0.3795	0.0862	0.1457
0.4	0.5	Item238_Critical_Vadv1	12.0518	-0.2891	-0.0422	-0.1832	0.0988	NA	NA	NA	NA
0.4	0.5	Item238_Critical_Vadv2	12.8559	-0.4286	-0.0327	-0.0071	-0.0582	0.3125	0.2936	0.3314	0.0539
0.4	0.5	Item238_Critical_Vadv3	6.2284	0.1352	-0.0138	-0.048	0.0204	1.3079	0.9084	1.7075	0.0378
0.4	0.5	Item238_Critical_Vadv5	8.5222	0.0153	-0.3043	-0.3175	-0.2911	0.2603	0.4905	0.0301	-0.1572
0.4	0.5	Item238_Critical_Vadv6	9.4909	0.091	-0.01	-0.036	0.016	-1.9794	-1.5932	-2.3656	-0.0498
0.4	0.5	Item238_Critical_Vadv7	8.6854	-0.3147	-0.0655	-0.0429	-0.088	1.3607	1.4889	1.2325	0.0372
0.4	0.5	Item238_Critical_Vadv8	2.6531	0.1362	-0.1258	-0.1053	-0.1463	0.2364	0.0714	0.4015	-0.0587
0.4	0.5	Item238_Critical_Vadv9	8.4755	-0.6086	-0.1952	-0.2208	-0.1695	0.5054	0.8403	0.1706	-0.1678
0.4	0.5	ItemCritical_6	4.4464	-0.6824	-0.351	-0.4182	-0.2838	1.3053	1.8849	0.7257	0.0735
0.4	1	Item232_Critical_0	2.9645	0.9152	-0.0909	-0.0317	-0.1501	-0.8908	-0.417	-1.3646	0.0631
0.4	1	Item232_Critical_1	7.2668	0.4697	-0.1071	-0.0865	-0.1278	-0.3381	-0.092	-0.5842	0.0497
0.4	1	Item232_Critical_10	6.9526	-2.1579	-0.0777	-0.0399	-0.1155	-1.6856	-1.7249	-1.6464	0.109
0.4	1	Item232_Critical_11	9.5471	-0.6493	-0.1982	-0.3084	-0.088	-1.877	-2.9139	-0.84	0.3699
0.4	1	Item232_Critical_12	9.5894	0.1625	-0.0315	0.0104	-0.0733	-0.537	-0.8898	-0.1841	-0.0291
0.4	1	Item232_Critical_13	7.7984	0.4936	-0.0992	-0.0776	-0.1208	-2.7621	-2.6191	-2.9052	0.1058
0.4	1	Item232_Critical_14	2.6861	0.2811	-0.1036	-0.0765	-0.1308	-1.4371	-1.2568	-1.6173	0.1053
0.4	1	Item232_Critical_15	9.2359	0.3403	0.0216	0.031	0.0122	-0.8703	-1.3884	-0.3522	0.0288
0.4	1	Item232_Critical_16	8.5324	0.2254	-0.0637	-0.0428	-0.0847	0.6171	0.8355	0.3988	-0.0114
0.4	1	Item232_Critical_17	3.0857	-0.053	-0.1459	-0.1694	-0.1224	-0.0719	-0.3728	0.2289	0.0438
0.4	1	Item232_Critical_18	3.5258	1.1219	-0.0678	-0.0549	-0.0807	0.0613	-0.0267	0.1493	0.0665
0.4	1	Item232_Critical_19	8.4855	0.5298	-0.1243	-0.1027	-0.1458	-0.1321	-0.1414	-0.1228	-0.0405
0.4	1	Item232_Critical_2	3.2891	1.3467	-0.1328	-0.0524	-0.2133	0.7592	0.2828	1.2356	-0.0596
0.4	1	Item232_Critical_20	8.2054	-0.0236	-0.025	-0.0037	-0.0464	0.0935	-0.4478	0.6347	-0.0429
0.4	1	Item232_Critical_21	10.3658	0.0458	0.0452	0.1027	-0.0122	-0.1974	0.3698	-0.7645	0.0339
0.4	1	Item232_Critical_23	7.5801	-0.0553	0.0661	0.1493	-0.0172	-0.6404	-1.0108	-0.2699	0.0471
0.4	1	Item232_Critical_24	7.8724	0.3524	-0.0491	-0.0397	-0.0585	1.313	1.5912	1.0348	-0.0464
0.4	1	Item232_Critical_25	2.8906	0.9649	-0.0836	-0.0427	-0.1244	0.3691	-0.0095	0.7477	0.0332
0.4	1	Item232_Critical_26	3.1125	0.6891	-0.093	-0.0851	-0.101	-0.4107	-0.4974	-0.3239	-0.004
0.4	1	Item232_Critical_27	9.6478	-0.5466	0.0318	0.1264	-0.0628	-0.3296	-0.377	-0.2822	0.0394
0.4	1	Item232_Critical_28	8.5596	0.6021	0.0393	0.0716	0.007	0.9814	0.8487	1.1141	0.0513
0.4	1	Item232_Critical_3	4.5535	-0.4097	-0.1762	-0.1496	-0.2028	3.6645	4.7857	2.5433	-0.2307
0.4	1	Item232_Critical_30	3.1819	0.3764	-0.1462	-0.1223	-0.1701	-0.513	-0.5531	-0.4729	0.0337
0.4	1	Item232_Critical_4	10.116	1.2699	-0.0721	-0.0472	-0.0971	0.8648	0.7741	0.9556	0.0743
0.4	1	Item232_Critical_5	6.7772	0.5353	-0.0507	-0.0466	-0.0547	0.9325	1.0694	0.7957	-0.076
0.4	1	Item232_Critical_6	6.7967	0.456	0.0783	0.1571	-0.0005	0.7786	1.1451	0.4122	-0.0527
0.4	1	Item232_Critical_7	8.6604	0.1441	0.0083	0.0413	-0.0247	1.1039	0.5141	1.6938	-0.024
0.4	1	Item232_Critical_8	7.6753	0.3193	-0.1026	-0.127	-0.0781	0.0432	0.1183	-0.032	0.0239
0.4	1	Item232_Critical_9	3.3786	1.1321	-0.0992	-0.0267	-0.1718	-0.0835	0.1947	-0.3617	0.0034
0.4	1	Item238_Critical_VAdv1	12.2323	0.0123	0.0703	0.0565	0.0841	NA	NA	NA	NA
0.4	1	Item238_Critical_VN1	3.37	0.2387	-0.1093	-0.0612	-0.1573	1.0345	1.6015	0.4675	-0.0261
0.4	1	Item238_Critical_VN2	8.4901	0.0766	-0.188	-0.228	-0.1481	-1.1582	-0.837	-1.4795	-0.0714
0.4	1	Item238_Critical_VN3	10.11	3.2712	-0.2699	-0.0929	-0.4469	-0.2601	-0.8182	0.298	-0.0156
0.4	1	Item238_Critical_VN5	10.6433	0.1881	-0.0008	0.0336	-0.0353	0.2159	0.5169	-0.085	0.0568
0.4	1	Item238_Critical_Vadv1	11.7572	1.1641	-0.0291	-0.0288	-0.0295	NA	NA	NA	NA
0.4	1	Item238_Critical_Vadv2	12.824	1.0952	-0.1196	0.0226	-0.2619	0.4245	0.3162	0.5328	0.06
0.4	1	Item238_Critical_Vadv3	6.4302	1.7382	-0.056	0.0418	-0.1538	1.6768	0.6309	2.7227	-0.0483
0.4	1	Item238_Critical_Vadv5	8.7089	2.0288	-0.3089	-0.08	-0.5377	0.086	-0.2494	0.4214	-0.087
0.4	1	Item238_Critical_Vadv6	9.8462	0.5067	0.002	0.0298	-0.0258	-1.926	-1.8442	-2.0078	-0.0591
0.4	1	Item238_Critical_Vadv7	8.9666	1.0463	-0.1652	-0.0364	-0.294	0.8798	0.7842	0.9754	-0.0008
0.4	1	Item238_Critical_Vadv8	3.0313	0.8802	-0.1612	-0.0229	-0.2994	0.0898	-0.2919	0.4715	-0.0596
0.4	1	Item238_Critical_Vadv9	8.4512	0.8681	-0.1978	-0.0555	-0.3401	0.5464	0.1158	0.9769	-0.1256
0.4	1	ItemCritical_6	3.4823	0.4351	-0.111	-0.1045	-0.1175	0.4901	0.6168	0.3635	0.0087
0.4	1	ItemMixed_1	12.532	1.2601	-0.0296	-0.033	-0.0261	-0.2558	-0.5354	0.0239	-0.1788
0.4	1	ItemMixed_11	7.7986	0.465	-0.2486	-0.1997	-0.2975	0.5206	0.3276	0.7137	-0.0288
0.4	1	ItemMixed_12	7.5285	0.1428	-0.118	0.0248	-0.2609	0.0292	-0.8921	0.9504	-0.2493
0.4	1	ItemMixed_13	6.6589	-0.2211	-0.0814	-0.1238	-0.039	0.8607	0.6275	1.094	-0.0432
0.4	1	ItemMixed_14	7.1146	1.7669	-0.0113	0.0697	-0.0923	-2.8112	-3.2336	-2.3888	-0.1829
0.4	1	ItemMixed_15	11.3738	0.1053	-0.1903	-0.1264	-0.2543	-2.0499	-2.2214	-1.8785	0.1534
0.4	1	ItemMixed_16	10.4472	-0.2412	-0.1398	-0.1067	-0.173	1.2914	1.9422	0.6405	-0.1207
0.4	1	ItemMixed_17	2.7731	1.0607	-0.036	-0.0371	-0.0349	0.5737	0.5335	0.6139	0.0007
0.4	1	ItemMixed_18	3.3386	0.2964	-0.0548	-0.0806	-0.0291	-1.3343	-1.1696	-1.4989	0.0983
0.4	1	ItemMixed_19	10.6129	-0.5924	-0.1267	-0.0666	-0.1868	-1.8482	-2.5192	-1.1772	-0.028
0.4	1	ItemMixed_2	6.9887	-0.0611	-0.0485	0.0327	-0.1297	0.6887	0.7865	0.5909	-0.0506
0.4	1	ItemMixed_21	5.2621	0.0802	-0.0833	-0.0509	-0.1157	0.0503	0.1928	-0.0922	0.0235
0.4	1	ItemMixed_22	13.4195	0.0796	0.0271	0.0619	-0.0078	-1.5102	-1.5504	-1.4701	-0.0584
0.4	1	ItemMixed_23	7.9298	-0.0909	-0.1887	-0.0195	-0.3578	0.1463	-0.0391	0.3318	0.0644
0.4	1	ItemMixed_24	8.7531	-0.3118	-0.0502	-0.0991	-0.0013	-0.1	0.1283	-0.3282	-0.0424
0.4	1	ItemMixed_25	7.0949	2.2791	-0.6976	-0.0693	-1.3259	0.0368	0.4354	-0.3617	-0.1707
0.4	1	ItemMixed_26	7.0193	-0.2733	-0.0522	-0.0698	-0.0346	0.2119	0.2047	0.219	0.046
0.4	1	ItemMixed_27	7.7988	1.229	0.0565	0.1466	-0.0337	-0.6516	-1.2762	-0.0269	0.0535
0.4	1	ItemMixed_28	6.8039	0.2416	0.0379	0.0759	-0.0001	-1.6601	-1.6971	-1.6231	0.0484
0.4	1	ItemMixed_29	2.7472	0.3536	0.0158	-0.0152	0.0469	0.2003	0.1445	0.2561	-0.0067
0.4	1	ItemMixed_3	4.0661	0.1866	-0.2331	-0.1366	-0.3295	0.249	0.3509	0.1471	-0.0017
0.4	1	ItemMixed_30	6.5498	0.3688	-0.0189	-0.0148	-0.0229	-0.4308	-0.4133	-0.4484	-0.0118
0.4	1	ItemMixed_31	14.5745	-0.7344	-0.0537	0.0753	-0.1827	1.2733	1.3778	1.1687	0.0383
0.4	1	ItemMixed_32	6.6158	0.1923	0.1059	0.2023	0.0094	-0.0507	-0.0486	-0.0528	-0.0697
0.4	1	ItemMixed_33	6.4437	0.6868	-0.1627	-0.0213	-0.3041	-0.6825	-0.4752	-0.8898	0.2073
0.4	1	ItemMixed_34	4.0902	2.1486	-0.5793	-0.1476	-1.011	-1.0354	-0.9425	-1.1284	0.2493
0.4	1	ItemMixed_35	14.0944	0.1098	0.0255	0.0901	-0.0391	-1.054	-0.8438	-1.2642	0.0235
0.4	1	ItemMixed_36	10.7843	-0.5929	0.1251	0.2362	0.014	-0.7822	-1.1602	-0.4043	-0.2078
0.4	1	ItemMixed_37	8.6895	-0.0259	-0.0357	-0.0588	-0.0126	1.3281	2.2306	0.4256	-0.0586
0.4	1	ItemMixed_38	9.3798	-0.2535	-0.1315	-0.0922	-0.1708	-1.4872	-1.6645	-1.3098	-0.0086
0.4	1	ItemMixed_39	3.3679	0.1153	-0.1371	-0.0935	-0.1807	-0.391	-0.3005	-0.4814	0.0619
0.4	1	ItemMixed_4	3.4344	0.4744	-0.0516	-0.143	0.0397	-0.3151	-0.5371	-0.0932	0.0816
0.4	1	ItemMixed_40	7.686	0.3144	-0.0332	-0.011	-0.0554	-0.9253	-0.5832	-1.2675	0.3108
0.4	1	ItemMixed_41	7.7822	-0.4608	-0.0702	-0.1952	0.0548	1.7449	1.7858	1.7041	-0.0523
0.4	1	ItemMixed_42	8.7235	0.4643	-0.1916	-0.0814	-0.3019	1.2474	1.2716	1.2232	-0.0111
0.4	1	ItemMixed_43	6.4026	2.2364	-0.3616	0.0746	-0.7978	1.0541	0.5501	1.5581	0.1518
0.4	1	ItemMixed_5	10.6654	0.349	-0.0633	0.056	-0.1825	2.6397	2.1274	3.1521	-0.143
0.4	1	ItemMixed_6	13.0619	0.2402	-0.1733	-0.1568	-0.1898	-1.5522	-1.8633	-1.241	-0.0031
0.4	1	ItemMixed_7	3.0253	0.5569	-0.0528	-0.0511	-0.0546	-0.4054	-0.4674	-0.3434	0.0683
0.4	1	ItemMixed_8	6.9581	0.3783	0.1567	0.1853	0.1281	-1.0892	-1.2326	-0.9459	0.1731
0.4	1	ItemMixed_9	2.7758	0.059	-0.0519	-0.0838	-0.02	-0.0488	-0.5993	0.5016	0.0025
0.45	0.75	Item232_Critical_0	4.3569	2.9153	-0.0278	-0.1122	0.0567	-0.2259	-0.4036	-0.0482	0.0783
0.45	0.75	Item232_Critical_1	8.3302	1.6604	-0.0855	-0.1826	0.0116	-0.0948	-0.2093	0.0198	0.0553
0.45	0.75	Item232_Critical_10	8.1501	-0.0565	-0.0522	-0.0812	-0.0231	-1.1933	-1.5312	-0.8555	0.0523
0.45	0.75	Item232_Critical_11	10.5394	0.6451	-0.2002	-0.3669	-0.0335	-2.1854	-2.8276	-1.5432	0.2304
0.45	0.75	Item232_Critical_12	10.6538	1.274	-0.0408	-0.0618	-0.0198	-0.0338	-1.0179	0.9504	0.0041
0.45	0.75	Item232_Critical_13	8.7244	1.361	-0.0894	-0.1248	-0.054	-2.1059	-2.8721	-1.3397	0.0035
0.45	0.75	Item232_Critical_14	3.923	1.3842	-0.1292	-0.2152	-0.0432	-1.339	-1.1926	-1.4854	0.0558
0.45	0.75	Item232_Critical_15	10.0731	1.3373	-0.0115	-0.0499	0.0269	-0.5992	-1.3066	0.1083	0.0054
0.45	0.75	Item232_Critical_16	9.9453	2.2314	-0.0766	-0.146	-0.0071	1.2227	1.1082	1.3371	-0.0551
0.45	0.75	Item232_Critical_17	4.4965	2.0229	-0.1351	-0.277	0.0067	0.291	-0.4094	0.9914	0.0885
0.45	0.75	Item232_Critical_18	4.287	1.9709	-0.0836	-0.1621	-0.0052	-0.1506	-0.0379	-0.2633	0.0416
0.45	0.75	Item232_Critical_19	9.6484	2.1237	-0.1191	-0.215	-0.0232	0.1064	0.1263	0.0865	-0.011
0.45	0.75	Item232_Critical_2	4.7703	3.2489	-0.0414	-0.1041	0.0214	0.3985	0.3556	0.4413	-0.0165
0.45	0.75	Item232_Critical_20	8.8223	0.7254	-0.0482	-0.0782	-0.0183	-0.0275	-0.4503	0.3953	-0.0175
0.45	0.75	Item232_Critical_21	11.3445	1.2088	-0.0024	-0.0371	0.0323	-0.1416	0.38	-0.6632	0.0136
0.45	0.75	Item232_Critical_23	8.243	0.3958	0.0381	0.0773	-0.001	-0.5471	-0.7244	-0.3698	0.0329
0.45	0.75	Item232_Critical_24	8.8734	1.2232	-0.0628	-0.1417	0.0162	1.138	1.3424	0.9335	-0.0118
0.45	0.75	Item232_Critical_25	4.4293	2.8238	-0.0638	-0.1686	0.0409	0.2267	0.2039	0.2495	-0.0126
0.45	0.75	Item232_Critical_26	4.9785	3.3586	-0.0813	-0.1739	0.0113	0.0533	-0.2307	0.3373	-0.0476
0.45	0.75	Item232_Critical_27	10.9583	1.4754	0.0156	0.0446	-0.0134	-0.7002	-0.4981	-0.9022	0.0578
0.45	0.75	Item232_Critical_28	9.4591	1.1906	-0.0456	-0.0895	-0.0016	0.6682	0.6669	0.6695	-0.017
0.45	0.75	Item232_Critical_3	5.5335	1.1373	-0.0915	-0.1836	0.0006	3.7465	4.7693	2.7237	-0.0902
0.45	0.75	Item232_Critical_30	4.4991	1.9961	-0.1363	-0.2435	-0.0291	-0.0994	-0.3904	0.1915	-0.0295
0.45	0.75	Item232_Critical_4	10.913	2.314	-0.0555	-0.126	0.0151	0.8236	0.9591	0.6881	0.0881
0.45	0.75	Item232_Critical_5	7.4846	1.4168	-0.0641	-0.1287	0.0005	1.5323	1.2431	1.8214	-0.0181
0.45	0.75	Item232_Critical_6	7.9081	1.6879	-0.0225	-0.0285	-0.0165	0.6777	1.4076	-0.0522	-0.053
0.45	0.75	Item232_Critical_7	9.3256	0.6938	-0.0533	-0.1024	-0.0042	0.8499	0.3059	1.3939	0.0241
0.45	0.75	Item232_Critical_8	8.6767	1.1732	-0.1261	-0.2254	-0.0269	-0.0701	-0.0478	-0.0924	0.0882
0.45	0.75	Item232_Critical_9	4.7383	2.5519	-0.0708	-0.1494	0.0078	-1.1359	-0.1186	-2.1533	0.0428
0.45	0.75	Item238_Critical_VAdv1	13.3985	1.319	-0.0917	-0.1886	0.0052	NA	NA	NA	NA
0.45	0.75	Item238_Critical_VN1	4.9715	2.291	-0.1273	-0.202	-0.0526	1.2464	1.9153	0.5774	-0.0397
0.45	0.75	Item238_Critical_VN2	9.783	0.9447	-0.1815	-0.3742	0.0112	-1.3531	-0.908	-1.7982	-0.0111
0.45	0.75	Item238_Critical_VN3	10.5605	3.3362	-0.3197	-0.1343	-0.5051	-0.2341	-0.7617	0.2936	0.0494
0.45	0.75	Item238_Critical_VN5	12.082	2.1809	-0.0897	-0.1525	-0.0269	0.2995	0.5013	0.0978	-0.002
0.45	0.75	Item238_Critical_Vadv1	12.5272	1.844	0.0211	0.0108	0.0313	NA	NA	NA	NA
0.45	0.75	Item238_Critical_Vadv2	12.9858	-0.3275	-0.1444	-0.1275	-0.1614	0.4236	0.3924	0.4549	0.053
0.45	0.75	Item238_Critical_Vadv3	6.7708	-0.1523	-0.0981	-0.1355	-0.0607	1.796	1.6455	1.9466	0.0126
0.45	0.75	Item238_Critical_Vadv5	9.6866	2.8379	-0.5391	-0.1671	-0.911	0.3524	0.0794	0.6254	-0.0126
0.45	0.75	Item238_Critical_Vadv6	9.6934	0.0444	-0.0206	-0.0592	0.0181	-1.7889	-1.4261	-2.1517	-0.0636
0.45	0.75	Item238_Critical_Vadv7	8.9585	-0.2115	-0.1649	-0.1463	-0.1835	1.2896	1.456	1.1232	0.0024
0.45	0.75	Item238_Critical_Vadv8	3.0328	0.0371	-0.2029	-0.2391	-0.1668	0.4829	0.3133	0.6525	-0.019
0.45	0.75	Item238_Critical_Vadv9	9.0133	0.803	-0.4009	-0.21	-0.5919	1.2091	0.6011	1.8171	-0.3102
0.45	0.75	ItemCritical_6	5.3247	2.4357	-0.1281	-0.2117	-0.0446	0.5737	0.9207	0.2266	0.0647
0.45	1	Item232_Critical_0	3.2543	1.4139	-0.2138	-0.0297	-0.3979	-0.6465	-0.409	-0.884	-0.0166
0.45	1	Item232_Critical_1	7.4598	0.8002	-0.1558	-0.087	-0.2245	-0.1796	-0.0882	-0.271	0.0146
0.45	1	Item232_Critical_10	7.4181	-1.256	-0.117	-0.0352	-0.1988	-1.4502	-1.7038	-1.1965	0.1617
0.45	1	Item232_Critical_11	9.8209	-0.1897	-0.2399	-0.3163	-0.1636	-1.6583	-2.8496	-0.4669	0.4106
0.45	1	Item232_Critical_12	9.7559	0.4178	-0.0754	-0.0006	-0.1503	-0.3108	-0.8557	0.2341	-0.1319
0.45	1	Item232_Critical_13	7.9804	0.7484	-0.1784	-0.0776	-0.2793	-2.3587	-2.6158	-2.1017	0.0567
0.45	1	Item232_Critical_14	2.9623	0.6408	-0.1723	-0.0673	-0.2772	-1.1661	-1.2693	-1.0629	0.1048
0.45	1	Item232_Critical_15	9.6678	1.1313	-0.0031	0.0224	-0.0285	-0.3989	-1.3911	0.5933	-0.0144
0.45	1	Item232_Critical_16	8.9335	0.9418	-0.1338	-0.0481	-0.2194	1.2114	0.8892	1.5337	-0.0286
0.45	1	Item232_Critical_17	3.527	0.7329	-0.217	-0.171	-0.263	0.5695	-0.3323	1.4714	0.0962
0.45	1	Item232_Critical_18	3.6631	1.271	-0.1304	-0.0589	-0.2019	0.3539	-0.0596	0.7674	0.087
0.45	1	Item232_Critical_19	8.9651	1.4274	-0.1457	-0.1049	-0.1865	0.38	-0.1042	0.8641	-0.0172
0.45	1	Item232_Critical_2	3.8606	2.3275	-0.1599	-0.0665	-0.2533	1.3657	0.2905	2.4409	-0.0307
0.45	1	Item232_Critical_20	8.5411	0.6308	-0.0708	0.0011	-0.1427	0.1123	-0.4492	0.6737	-0.0732
0.45	1	Item232_Critical_21	10.6383	0.4735	0.0326	0.0953	-0.0301	0.1937	0.3246	0.0629	0.0146
0.45	1	Item232_Critical_23	7.7706	0.2547	0.0609	0.1384	-0.0166	-0.4997	-0.9891	-0.0103	0.0865
0.45	1	Item232_Critical_24	8.1603	0.8596	-0.0703	-0.0429	-0.0977	1.5839	1.5589	1.609	-0.0389
0.45	1	Item232_Critical_25	3.5569	2.1629	-0.0933	-0.0619	-0.1247	0.703	0.045	1.361	0.025
0.45	1	Item232_Critical_26	3.5691	1.4832	-0.2073	-0.0852	-0.3294	0.1311	-0.4768	0.7391	0.0148
0.45	1	Item232_Critical_27	10.0541	0.0828	-0.0931	0.1123	-0.2985	-0.0017	-0.4	0.3965	-0.0388
0.45	1	Item232_Critical_28	8.8196	1.0255	0.0083	0.0607	-0.0441	1.1404	0.844	1.4367	0.0739
0.45	1	Item232_Critical_3	4.9951	0.3987	-0.1891	-0.1573	-0.221	4.1822	4.7972	3.5673	-0.236
0.45	1	Item232_Critical_30	3.7581	1.4313	-0.1837	-0.1145	-0.2528	-0.0089	-0.5874	0.5695	0.1326
0.45	1	Item232_Critical_4	10.4349	1.8399	-0.0871	-0.0647	-0.1094	1.1011	0.7918	1.4104	0.0893
0.45	1	Item232_Critical_5	7.0895	1.1105	-0.0838	-0.0416	-0.1259	1.442	1.0905	1.7935	-0.1351
0.45	1	Item232_Critical_6	7.0094	0.7202	0.0648	0.1189	0.0108	1.001	1.185	0.817	-0.093
0.45	1	Item232_Critical_7	8.9094	0.5655	-0.0112	0.0361	-0.0584	1.3637	0.5125	2.2148	-0.0113
0.45	1	Item232_Critical_8	7.8542	0.5825	-0.1315	-0.1247	-0.1383	0.2229	0.067	0.3787	0.0214
0.45	1	Item232_Critical_9	3.8906	1.9545	-0.155	-0.06	-0.2499	-0.2057	0.1645	-0.5758	0.1901
0.45	1	Item238_Critical_VAdv1	12.8115	1.338	0.0265	-0.0262	0.0791	NA	NA	NA	NA
0.45	1	Item238_Critical_VN1	4.0577	1.4801	-0.1244	-0.0649	-0.1839	1.4732	1.6132	1.3333	0.1209
0.45	1	Item238_Critical_VN2	8.8231	0.6345	-0.2202	-0.2234	-0.2169	-0.9298	-0.8414	-1.0182	-0.011
0.45	1	Item238_Critical_VN3	9.935	2.8779	-0.1525	-0.0905	-0.2145	-0.2818	-0.7819	0.2184	-0.0139
0.45	1	Item238_Critical_VN5	11.0044	0.7862	-0.0943	0.0189	-0.2074	0.1355	0.4801	-0.209	0.1138
0.45	1	Item238_Critical_Vadv1	11.7229	0.9226	0.0646	0.0581	0.0712	NA	NA	NA	NA
0.45	1	Item238_Critical_Vadv2	13.1748	1.9286	-0.0984	0.004	-0.2009	0.1089	0.1786	0.0392	0.0678
0.45	1	Item238_Critical_Vadv3	6.7721	2.865	-0.0729	0.0402	-0.186	1.5975	0.4314	2.7635	0.0971
0.45	1	Item238_Critical_Vadv5	8.8208	1.8176	-0.0963	-0.1271	-0.0656	-0.1035	-0.1219	-0.0851	-0.0312
0.45	1	Item238_Critical_Vadv6	9.8028	0.6722	-0.0133	-0.0119	-0.0148	-1.7201	-1.7423	-1.6979	-0.0352
0.45	1	Item238_Critical_Vadv7	9.457	2.4396	-0.1117	-0.0156	-0.2079	1.0524	0.813	1.2918	0.0896
0.45	1	Item238_Critical_Vadv8	3.5828	2.1757	-0.1175	-0.0044	-0.2307	0.2864	-0.1246	0.6974	-0.032
0.45	1	Item238_Critical_Vadv9	8.4277	0.5692	-0.0808	-0.095	-0.0666	0.1639	0.2027	0.1252	-0.0475
0.45	1	ItemCritical_6	4.0091	1.3791	-0.1734	-0.1033	-0.2436	0.9116	0.6466	1.1766	-0.0361
0.5	0.5	Item232_Critical_0	4.8118	0.0452	-0.0821	0.1271	-0.2912	0.4426	-0.3422	1.2274	-0.0661
0.5	0.5	Item232_Critical_1	8.5366	-0.1516	-0.2037	-0.0063	-0.4011	-0.0559	-0.385	0.2732	-0.033
0.5	0.5	Item232_Critical_10	8.6472	-0.7574	-0.1588	-0.0343	-0.2833	-0.035	0.267	-0.3369	-0.0869
0.5	0.5	Item232_Critical_11	11.377	-0.4958	-0.1066	0.0831	-0.2963	-1.5503	-2.7107	-0.3899	0.1292
0.5	0.5	Item232_Critical_12	11.2331	-0.7573	-0.0955	0.0182	-0.2093	0.2345	-0.4145	0.8835	-0.0457
0.5	0.5	Item232_Critical_13	8.6503	-1.0264	-0.1994	-0.0312	-0.3675	-1.0838	-2.4737	0.306	-0.0389
0.5	0.5	Item232_Critical_14	5.4414	-0.9709	-0.2081	-0.0575	-0.3587	-1.852	-2.2018	-1.5022	0.195
0.5	0.5	Item232_Critical_15	10.946	0.1363	0.0039	-0.0207	0.0285	-0.0458	-0.7378	0.6462	0.0726
0.5	0.5	Item232_Critical_16	10.596	0.1588	-0.1935	-0.0053	-0.3817	2.994	2.3597	3.6284	-0.133
0.5	0.5	Item232_Critical_17	5.3972	-0.4607	-0.0995	0.0263	-0.2253	0.5921	-1.1982	2.3823	-0.0643
0.5	0.5	Item232_Critical_18	4.9629	-1.1245	-0.1749	0.0074	-0.3572	0.1452	-0.8918	1.1822	-0.1136
0.5	0.5	Item232_Critical_19	10.663	0.5883	-0.0975	0.038	-0.2329	0.997	0.7036	1.2904	0.1065
0.5	0.5	Item232_Critical_2	6.0639	0.1934	-0.0012	0.0809	-0.0833	1.4129	0.0936	2.7321	0.1195
0.5	0.5	Item232_Critical_20	9.4888	-0.4048	-0.1149	0.0593	-0.2891	0.1505	-0.083	0.384	-0.0274
0.5	0.5	Item232_Critical_21	12.1122	-0.5975	0.0162	0.0214	0.0109	0.1045	-0.812	1.0209	0.0144
0.5	0.5	Item232_Critical_23	8.2348	-0.664	-0.0451	-0.0514	-0.0389	-0.5673	-0.6699	-0.4647	0.0333
0.5	0.5	Item232_Critical_24	9.9114	-0.3167	0.0062	0.0335	-0.0212	0.879	0.8216	0.9363	0.0146
0.5	0.5	Item232_Critical_25	6.2076	1.3904	-0.0434	-0.0077	-0.0792	0.5911	-0.8214	2.0035	0.0566
0.5	0.5	Item232_Critical_26	6.4491	0.0503	-0.1442	0.0315	-0.32	1.4994	-0.2181	3.2169	0.0238
0.5	0.5	Item232_Critical_27	11.7066	-0.6262	-0.0315	0.0467	-0.1097	-0.7122	-1.6095	0.1851	-0.1448
0.5	0.5	Item232_Critical_28	9.9373	0.2554	-0.037	0.0244	-0.0984	0.5223	0.3133	0.7314	-0.0297
0.5	0.5	Item232_Critical_3	6.5709	0.1883	-0.1682	-0.024	-0.3125	3.6984	3.5995	3.7973	-0.0147
0.5	0.5	Item232_Critical_30	6.006	0.6036	-0.2007	-0.0461	-0.3554	0.894	-0.7214	2.5093	0.1628
0.5	0.5	Item232_Critical_4	11.6735	1.4739	-0.0075	-0.0434	0.0284	1.2307	0.6684	1.793	0.0946
0.5	0.5	Item232_Critical_5	8.5037	0.2271	-0.0986	-0.0281	-0.169	2.0532	1.1606	2.9458	0.0026
0.5	0.5	Item232_Critical_6	8.807	-1.7189	-0.1018	0.0139	-0.2176	1.0546	0.8668	1.2424	0.0854
0.5	0.5	Item232_Critical_7	10.2299	0.3287	0.0212	-0.0156	0.058	1.2014	0.389	2.0137	0.0676
0.5	0.5	Item232_Critical_8	9.5748	-0.0813	-0.1503	0.0029	-0.3034	-0.0766	-0.3675	0.2143	0.0231
0.5	0.5	Item232_Critical_9	5.4072	0.1398	-0.1128	-0.0033	-0.2223	-1.559	-1.5826	-1.5355	0.3769
0.5	0.5	Item238_Critical_VAdv1	13.7726	-0.7654	-0.0859	0.0234	-0.1952	NA	NA	NA	NA
0.5	0.5	Item238_Critical_VN1	5.7952	1.2682	-0.0388	0.0117	-0.0893	1.7239	1.216	2.2317	0.1191
0.5	0.5	Item238_Critical_VN2	11.1589	-1.2239	-0.1933	-0.0047	-0.3819	-0.6786	-0.0755	-1.2817	-0.0572
0.5	0.5	Item238_Critical_VN3	10.9967	-0.496	-0.1004	0.0595	-0.2602	-0.1778	-1.005	0.6493	-0.0113
0.5	0.5	Item238_Critical_VN5	12.9339	-1.1086	-0.1261	-0.0319	-0.2203	-0.4633	-0.0163	-0.9102	0.0506
0.5	0.5	Item238_Critical_Vadv1	13.3959	-0.5022	-0.0887	0.0116	-0.189	NA	NA	NA	NA
0.5	0.5	Item238_Critical_Vadv2	13.9418	0.2996	-0.1193	-0.0191	-0.2194	0.4727	0.0136	0.9317	0.1576
0.5	0.5	Item238_Critical_Vadv3	7.5853	1.3367	0.0118	0.0396	-0.0161	1.7855	0.0201	3.5509	0.1818
0.5	0.5	Item238_Critical_Vadv5	9.8777	0.1138	-0.61	-0.6997	-0.5204	1.1955	1.5623	0.8288	-0.0938
0.5	0.5	Item238_Critical_Vadv6	10.0583	0.2647	-0.0401	-0.0004	-0.0798	-1.1841	-1.4425	-0.9256	0.0053
0.5	0.5	Item238_Critical_Vadv7	10.388	1.0221	-0.0501	0.0402	-0.1404	1.2567	0.1554	2.358	0.0973
0.5	0.5	Item238_Critical_Vadv8	4.7239	1.3683	-0.1347	0.0244	-0.2937	0.7055	-0.4239	1.835	-0.1149
0.5	0.5	Item238_Critical_Vadv9	9.4364	-0.5652	-0.503	-0.5663	-0.4397	1.2186	1.6064	0.8307	-0.1831
0.5	0.5	ItemCritical_6	6.5594	0.2428	-0.107	-0.0127	-0.2014	1.6047	0.7135	2.4959	0.0681
0.5	0.75	Item232_Critical_0	4.4946	-0.3068	-0.1592	-0.3018	-0.0166	0.1245	1.3471	-1.0981	0.1116
0.5	0.75	Item232_Critical_1	8.2075	-0.2488	-0.2678	-0.5368	0.0012	0.069	0.2281	-0.0901	0.0432
0.5	0.75	Item232_Critical_10	7.9726	-2.072	-0.0992	-0.21	0.0117	-0.611	0.0909	-1.3129	-0.0814
0.5	0.75	Item232_Critical_11	10.8356	-1.4291	-0.3483	-0.6743	-0.0222	-0.7832	-0.3597	-1.2066	-0.1133
0.5	0.75	Item232_Critical_12	10.8112	-0.4615	-0.1243	-0.2306	-0.018	0.6051	0.5147	0.6954	-0.0649
0.5	0.75	Item232_Critical_13	8.753	-0.1575	-0.1731	-0.3017	-0.0446	-1.1746	-0.8403	-1.5088	-0.0475
0.5	0.75	Item232_Critical_14	4.7955	-1.1659	-0.3194	-0.5892	-0.0495	-0.0316	1.5557	-1.6189	0.0207
0.5	0.75	Item232_Critical_15	10.3454	-0.6604	-0.1167	-0.2368	0.0034	-0.1694	-0.2387	-0.1001	-0.0174
0.5	0.75	Item232_Critical_16	9.722	-0.2949	-0.206	-0.4567	0.0447	1.5981	2.4729	0.7233	-0.1127
0.5	0.75	Item232_Critical_17	4.3109	-0.6307	-0.2727	-0.5742	0.0289	0.806	0.8846	0.7273	-0.1246
0.5	0.75	Item232_Critical_18	4.9336	-0.7099	-0.2007	-0.4284	0.0271	0.4398	0.9679	-0.0883	-0.0908
0.5	0.75	Item232_Critical_19	9.5865	-0.8533	-0.1707	-0.3527	0.0113	1.0214	2.0297	0.0131	0.0617
0.5	0.75	Item232_Critical_2	5.4154	0.1825	-0.1898	-0.4173	0.0377	1.646	2.4182	0.8739	0.1338
0.5	0.75	Item232_Critical_20	8.942	-1.1823	-0.1526	-0.3133	0.0081	0.3363	0.1611	0.5114	-0.0921
0.5	0.75	Item232_Critical_21	11.3685	-0.9792	-0.1284	-0.2395	-0.0172	-0.2713	0.387	-0.9295	0.021
0.5	0.75	Item232_Critical_23	8.0705	-0.4579	-0.0309	-0.0646	0.0029	-0.3147	-0.2086	-0.4207	0.0222
0.5	0.75	Item232_Critical_24	9.2397	-1.3798	-0.0959	-0.2203	0.0286	1.0968	1.3751	0.8184	0.0963
0.5	0.75	Item232_Critical_25	5.3376	-1.118	-0.2432	-0.5293	0.0429	1.4677	2.8042	0.1312	0.2519
0.5	0.75	Item232_Critical_26	4.7949	-1.2605	-0.4239	-0.8121	-0.0357	0.655	1.3106	-0.0005	-0.244
0.5	0.75	Item232_Critical_27	10.9562	-1.7027	-0.1186	-0.2333	-0.004	-0.3845	-0.703	-0.066	0.0555
0.5	0.75	Item232_Critical_28	9.2183	-0.6776	-0.2028	-0.3817	-0.0238	1.0295	1.5971	0.4618	-0.0955
0.5	0.75	Item232_Critical_3	5.3095	-0.7295	-0.1994	-0.3585	-0.0402	3.6545	4.519	2.79	0.0049
0.5	0.75	Item232_Critical_30	5.0558	-1.2532	-0.3734	-0.6596	-0.0871	1.0491	2.1645	-0.0664	-0.0999
0.5	0.75	Item232_Critical_4	11.4407	-0.0319	-0.233	-0.4843	0.0184	1.925	2.9357	0.9143	-0.0991
0.5	0.75	Item232_Critical_5	7.8529	-0.8679	-0.1047	-0.2348	0.0253	2.3279	3.2639	1.3919	-0.0722
0.5	0.75	Item232_Critical_6	7.887	-0.9589	-0.0997	-0.2182	0.0187	1.4702	2.5019	0.4385	0.0141
0.5	0.75	Item232_Critical_7	9.5835	-0.9666	-0.1447	-0.3001	0.0107	2.1758	2.2545	2.0971	0.0182
0.5	0.75	Item232_Critical_8	9.235	-1.778	-0.2066	-0.4432	0.0301	0.4007	0.6385	0.163	0.0764
0.5	0.75	Item232_Critical_9	4.7048	0.3172	-0.175	-0.3101	-0.0398	0.0532	0.8039	-0.6975	0.2394
0.5	0.75	Item238_Critical_VAdv1	14.5111	-2.1182	-0.1211	-0.2573	0.015	NA	NA	NA	NA
0.5	0.75	Item238_Critical_VN1	5.8958	-0.1651	-0.0931	-0.1309	-0.0553	1.2581	1.8993	0.6168	-0.0104
0.5	0.75	Item238_Critical_VN2	10.3631	-1.4953	-0.3046	-0.6024	-0.0068	-0.6039	0.2173	-1.425	0.0379
0.5	0.75	Item238_Critical_VN3	11.6687	0.8157	-0.3532	-0.4527	-0.2538	0.3998	0.7365	0.063	0.0451
0.5	0.75	Item238_Critical_VN5	12.0231	-0.8157	-0.24	-0.4877	0.0077	0.2115	0.4023	0.0206	-0.006
0.5	0.75	Item238_Critical_Vadv1	13.2719	-2.111	-0.093	-0.2648	0.0789	NA	NA	NA	NA
0.5	0.75	Item238_Critical_Vadv2	12.8477	-0.3407	-0.1249	-0.1439	-0.106	0.1126	-0.1423	0.3674	-0.0764
0.5	0.75	Item238_Critical_Vadv3	6.294	-0.5761	-0.0134	-0.0708	0.044	1.0477	0.7527	1.3427	0.0898
0.5	0.75	Item238_Critical_Vadv5	9.4399	3.3217	-0.3767	-0.0422	-0.7112	0.3361	-0.2872	0.9594	-0.0527
0.5	0.75	Item238_Critical_Vadv6	8.4851	-0.4496	-0.0853	-0.1177	-0.0529	-1.4255	-1.6864	-1.1645	0.0002
0.5	0.75	Item238_Critical_Vadv7	8.5551	-0.7051	-0.0695	-0.1514	0.0123	0.7124	0.1885	1.2362	-0.0038
0.5	0.75	Item238_Critical_Vadv8	2.8121	-0.7251	-0.1639	-0.2568	-0.071	0.2683	0.1876	0.349	-0.0393
0.5	0.75	Item238_Critical_Vadv9	9.5865	2.9521	-0.333	-0.0294	-0.6365	0.0206	0.0129	0.0284	-0.1244
0.5	0.75	ItemCritical_6	5.3709	-2.0151	-0.281	-0.6522	0.0902	2.177	3.6292	0.7249	0.0334
0.5	1	Item232_Critical_0	3.5247	1.682	-0.2659	-0.0993	-0.4325	-0.4718	-0.3029	-0.6406	-0.1326
0.5	1	Item232_Critical_1	7.7166	1.0795	-0.2365	-0.1479	-0.3251	-0.0023	-0.1113	0.1068	0.0581
0.5	1	Item232_Critical_10	7.6772	-0.859	-0.2091	-0.0569	-0.3614	-1.1552	-1.6076	-0.7029	0.0622
0.5	1	Item232_Critical_11	10.1707	0.304	-0.3472	-0.36	-0.3344	-1.6856	-2.7454	-0.6258	0.3564
0.5	1	Item232_Critical_12	10.1376	0.8931	-0.1501	-0.0341	-0.266	0.1814	-0.8266	1.1893	-0.206
0.5	1	Item232_Critical_13	8.3757	1.3025	-0.2765	-0.1229	-0.4301	-1.8216	-2.5039	-1.1394	-0.0822
0.5	1	Item232_Critical_14	3.2906	0.8843	-0.2785	-0.1777	-0.3792	-0.9966	-1.0807	-0.9126	0.0889
0.5	1	Item232_Critical_15	9.8376	1.227	-0.0635	0.0121	-0.139	-0.4701	-1.3275	0.3873	-0.031
0.5	1	Item232_Critical_16	9.1277	1.0816	-0.2767	-0.0933	-0.46	1.1362	1.0436	1.2287	-0.1574
0.5	1	Item232_Critical_17	3.6936	0.9235	-0.3346	-0.2072	-0.462	0.3109	-0.3801	1.0019	0.0241
0.5	1	Item232_Critical_18	4.0009	1.6973	-0.1262	-0.1213	-0.131	0.4852	-0.0068	0.9771	0.0326
0.5	1	Item232_Critical_19	9.0504	1.3272	-0.2364	-0.1402	-0.3326	0.3121	0.0456	0.5785	-0.0583
0.5	1	Item232_Critical_2	4.1155	2.6072	-0.2702	-0.096	-0.4443	1.0246	0.3254	1.7238	0.0401
0.5	1	Item232_Critical_20	8.6997	0.6911	-0.1286	-0.043	-0.2142	0.1504	-0.4272	0.728	-0.0318
0.5	1	Item232_Critical_21	10.9181	0.7511	-0.1488	0.0187	-0.3162	0.0845	0.3722	-0.2031	-0.0387
0.5	1	Item232_Critical_23	7.9538	0.5073	0.0133	0.1221	-0.0955	-0.471	-0.9715	0.0295	0.1083
0.5	1	Item232_Critical_24	8.4224	1.0808	-0.1123	-0.1001	-0.1244	1.6439	1.5966	1.6913	-0.0502
0.5	1	Item232_Critical_25	3.7034	2.0152	-0.2118	-0.1057	-0.3178	0.7779	0.239	1.3168	0.1059
0.5	1	Item232_Critical_26	3.9379	1.8404	-0.3569	-0.1687	-0.5451	0.0838	-0.4038	0.5714	-0.136
0.5	1	Item232_Critical_27	10.2543	0.3135	-0.1268	0.0845	-0.3381	0.0502	-0.3954	0.4959	-0.013
0.5	1	Item232_Critical_28	9.0658	1.2675	-0.1137	0.0165	-0.2438	1.191	0.8951	1.4869	0.1101
0.5	1	Item232_Critical_3	5.0152	0.3174	-0.3393	-0.1903	-0.4883	3.8999	4.7536	3.0462	-0.332
0.5	1	Item232_Critical_30	4.0283	1.6394	-0.331	-0.1615	-0.5005	0.0598	-0.3712	0.4909	0.0403
0.5	1	Item232_Critical_4	10.6008	1.9281	-0.1555	-0.0918	-0.2192	1.2217	0.9239	1.5195	0.1106
0.5	1	Item232_Critical_5	7.1647	1.0516	-0.1364	-0.0842	-0.1886	1.4183	1.1713	1.6653	-0.1549
0.5	1	Item232_Critical_6	7.3162	1.1442	-0.0782	0.0937	-0.2501	1.1359	1.2428	1.0291	-0.0468
0.5	1	Item232_Critical_7	9.0858	0.6761	-0.0896	-0.0191	-0.1601	1.4081	0.6205	2.1957	-0.0303
0.5	1	Item232_Critical_8	8.2233	1.0262	-0.2048	-0.1807	-0.2288	0.3992	0.0935	0.7048	0.0064
0.5	1	Item232_Critical_9	4.1218	2.202	-0.2129	-0.1039	-0.3219	-0.4113	0.2039	-1.0265	0.1902
0.5	1	Item238_Critical_VAdv1	13.4692	2.0271	-0.1204	-0.0117	-0.229	NA	NA	NA	NA
0.5	1	Item238_Critical_VN1	4.5465	2.1951	-0.2728	-0.1295	-0.4161	1.2646	1.7058	0.8234	-0.0143
0.5	1	Item238_Critical_VN2	9.0743	0.71	-0.321	-0.2926	-0.3495	-1.2566	-0.8125	-1.7006	-0.0195
0.5	1	Item238_Critical_VN3	9.6861	2.0167	-0.1826	-0.1351	-0.2301	-0.542	-0.8093	-0.2747	0.0091
0.5	1	Item238_Critical_VN5	11.2702	1.0207	-0.2496	-0.0812	-0.418	0.2953	0.5463	0.0442	0.1491
0.5	1	Item238_Critical_Vadv1	12.2001	1.3303	-0.1496	-0.0259	-0.2733	NA	NA	NA	NA
0.5	1	Item238_Critical_Vadv2	13.416	1.3061	-0.1479	-0.0752	-0.2207	0.2969	0.1673	0.4264	0.0418
0.5	1	Item238_Critical_Vadv3	7.2778	2.0235	-0.1522	-0.1176	-0.1867	1.8208	0.8388	2.8027	0.023
0.5	1	Item238_Critical_Vadv5	8.1947	1.1892	-0.1089	-0.027	-0.1907	-0.2696	-0.3099	-0.2293	-0.0048
0.5	1	Item238_Critical_Vadv6	9.6997	0.2756	-0.0159	0.0163	-0.0481	-1.775	-1.8986	-1.6514	-0.0728
0.5	1	Item238_Critical_Vadv7	9.4769	1.5679	-0.1754	-0.0923	-0.2585	0.9605	0.7497	1.1714	-0.0162
0.5	1	Item238_Critical_Vadv8	3.8024	1.9267	-0.1979	-0.1766	-0.2192	0.4716	-0.1014	1.0446	-0.0368
0.5	1	Item238_Critical_Vadv9	8.2168	0.4752	-0.066	-0.0174	-0.1146	0.0453	0.0554	0.0352	-0.0862
0.5	1	ItemCritical_6	4.4989	1.8587	-0.3393	-0.1497	-0.5289	1.1228	0.8767	1.3688	-0.0518
0.55	0.25	Item232_Critical_0	4.789	1.4625	-0.3791	-0.3931	-0.3651	0.3212	0.1318	0.5106	-0.1951
0.55	0.25	Item232_Critical_1	8.5527	0.1813	-0.4424	-0.4981	-0.3868	-0.0937	-0.2818	0.0945	0.1787
0.55	0.25	Item232_Critical_10	7.6792	-2.0536	-0.284	-0.1667	-0.4013	0.2647	-0.5674	1.0967	-0.1519
0.55	0.25	Item232_Critical_11	11.4155	0.3773	-0.5252	-0.654	-0.3964	-2.0521	-1.8221	-2.2821	0.0936
0.55	0.25	Item232_Critical_12	10.2245	-0.1689	-0.2183	-0.1772	-0.2595	0.3272	-0.281	0.9354	-0.0393
0.55	0.25	Item232_Critical_13	9.0681	-0.3572	-0.2555	-0.1626	-0.3485	-1.0401	-2.059	-0.0211	-0.2432
0.55	0.25	Item232_Critical_14	4.6524	-0.616	-0.4083	-0.5201	-0.2965	-0.4124	-0.1377	-0.6871	0.0739
0.55	0.25	Item232_Critical_15	10.7098	0.3027	-0.1393	-0.1566	-0.122	-0.3457	-1.0521	0.3608	0.1088
0.55	0.25	Item232_Critical_16	10.3988	0.4549	-0.366	-0.3231	-0.409	1.8516	2.1703	1.5328	-0.1882
0.55	0.25	Item232_Critical_17	4.4732	0.0947	-0.5709	-0.6261	-0.5157	0.7061	0.0747	1.3375	-0.1957
0.55	0.25	Item232_Critical_18	4.7894	0.1177	-0.2786	-0.3284	-0.2288	0.98	0.6583	1.3016	-0.0101
0.55	0.25	Item232_Critical_19	10.6538	0.6511	-0.3368	-0.3778	-0.2959	0.5282	0.3351	0.7212	-0.0036
0.55	0.25	Item232_Critical_2	5.124	1.7101	-0.3496	-0.4255	-0.2738	1.5725	0.7338	2.4112	-0.0108
0.55	0.25	Item232_Critical_20	9.3203	0.095	-0.2711	-0.2517	-0.2906	0.264	0.06	0.4679	-0.0774
0.55	0.25	Item232_Critical_21	11.5921	-0.1886	-0.3069	-0.2547	-0.3591	0.7	0.3597	1.0404	-0.062
0.55	0.25	Item232_Critical_23	8.141	-0.2083	-0.0455	-0.0175	-0.0735	-0.4313	-0.617	-0.2457	0.0691
0.55	0.25	Item232_Critical_24	9.3476	-0.8334	-0.1914	-0.2669	-0.116	1.0616	0.822	1.3012	-0.0045
0.55	0.25	Item232_Critical_25	5.0407	0.2453	-0.3513	-0.4275	-0.2752	1.6721	1.8991	1.445	0.0408
0.55	0.25	Item232_Critical_26	5.1745	0.8048	-0.6569	-0.6171	-0.6968	1.019	0.3685	1.6695	-0.4159
0.55	0.25	Item232_Critical_27	10.9412	-0.5731	-0.1697	-0.1131	-0.2263	0.0774	-0.6998	0.8547	-0.002
0.55	0.25	Item232_Critical_28	10.0717	0.2042	-0.263	-0.2175	-0.3085	1.4479	1.3301	1.5657	0.162
0.55	0.25	Item232_Critical_3	6.6098	0.0729	-0.3722	-0.3667	-0.3776	1.2713	2.1182	0.4243	0.0591
0.55	0.25	Item232_Critical_30	5.9904	0.761	-0.4967	-0.5767	-0.4168	0.5061	0.1919	0.8202	-0.0628
0.55	0.25	Item232_Critical_4	11.4206	0.8847	-0.3719	-0.4628	-0.2809	1.5357	1.7799	1.2914	-0.0034
0.55	0.25	Item232_Critical_5	7.9275	-0.1475	-0.2538	-0.2166	-0.291	2.0855	2.1179	2.053	-0.2229
0.55	0.25	Item232_Critical_6	8.1432	-0.3196	-0.191	-0.1885	-0.1935	1.1284	1.3112	0.9455	0.0661
0.55	0.25	Item232_Critical_7	9.6756	-0.1215	-0.1252	-0.1719	-0.0785	0.9291	0.2618	1.5963	0.0536
0.55	0.25	Item232_Critical_8	9.0435	-0.4682	-0.3872	-0.4918	-0.2827	0.241	0.1466	0.3355	0.0668
0.55	0.25	Item232_Critical_9	4.9534	1.3803	-0.2663	-0.2775	-0.2551	-0.5032	-0.3737	-0.6327	0.455
0.55	0.25	Item238_Critical_VAdv1	14.363	-1.2964	0.0156	-0.0277	0.0589	NA	NA	NA	NA
0.55	0.25	Item238_Critical_VN1	4.7673	0.8045	-0.3374	-0.3575	-0.3173	0.8437	1.311	0.3764	0.0927
0.55	0.25	Item238_Critical_VN2	10.4884	-1.2448	-0.4134	-0.4451	-0.3816	-0.9537	-0.2566	-1.6509	0.0599
0.55	0.25	Item238_Critical_VN3	10.8481	1.1142	-0.2998	-0.4703	-0.1293	0.0616	0.0398	0.0835	0.0635
0.55	0.25	Item238_Critical_VN5	12.5092	0.63	-0.3797	-0.4226	-0.3368	0.5837	0.8088	0.3586	0.128
0.55	0.25	Item238_Critical_Vadv1	13.0622	-0.0519	-0.3073	-0.4794	-0.1352	NA	NA	NA	NA
0.55	0.25	Item238_Critical_Vadv2	14.6213	0.3003	-0.1017	-0.2283	0.0249	0.4655	0.5222	0.4089	0.1475
0.55	0.25	Item238_Critical_Vadv3	8.2738	-0.7722	-0.1926	-0.4388	0.0536	2.9817	4.0557	1.9077	0.0397
0.55	0.25	Item238_Critical_Vadv5	9.4682	1.4669	-0.0735	0.0157	-0.1627	-0.1211	-0.4631	0.2208	-0.0154
0.55	0.25	Item238_Critical_Vadv6	10.3165	0.172	-0.0912	-0.1561	-0.0264	-1.2633	-0.5635	-1.9631	-0.0556
0.55	0.25	Item238_Critical_Vadv7	10.8259	0.5401	-0.2313	-0.4558	-0.0068	1.3182	2.4675	0.169	-0.0621
0.55	0.25	Item238_Critical_Vadv8	4.676	1.2945	-0.2734	-0.5324	-0.0144	1.1287	1.1116	1.1457	-0.116
0.55	0.25	Item238_Critical_Vadv9	10.6823	-1.4637	-0.1539	0.0238	-0.3316	-0.1906	0.0862	-0.4673	-0.0631
0.55	0.25	ItemCritical_6	5.892	0.7948	-0.5839	-0.5071	-0.6607	2.1553	2.2085	2.1021	-0.0236
0.55	0.75	Item232_Critical_0	4.0046	2.4821	-0.0591	-0.0063	-0.112	0.5366	-0.3063	1.3795	0.1456
0.55	0.75	Item232_Critical_1	7.9591	2.2066	-0.1205	-0.0088	-0.2321	0.2647	0.1531	0.3763	0.0301
0.55	0.75	Item232_Critical_10	8.2988	0.2428	-0.0833	-0.0097	-0.1569	-0.8685	-1.4685	-0.2685	-0.0599
0.55	0.75	Item232_Critical_11	10.2823	1.577	-0.1336	-0.0068	-0.2604	-1.1856	-1.829	-0.5421	0.0569
0.55	0.75	Item232_Critical_12	10.5033	1.404	-0.0633	0.0231	-0.1498	0.2407	-0.6125	1.0939	0.0283
0.55	0.75	Item232_Critical_13	8.3675	1.1649	-0.0922	-0.0031	-0.1812	-0.8086	-2.7145	1.0974	0.0212
0.55	0.75	Item232_Critical_14	4.3113	2.8644	-0.1337	0.006	-0.2734	-1.6718	-1.4905	-1.8532	0.0932
0.55	0.75	Item232_Critical_15	9.9959	1.869	0.0191	-0.0072	0.0454	-0.5532	-0.9458	-0.1606	0.1432
0.55	0.75	Item232_Critical_16	9.9681	2.908	-0.0789	0.0136	-0.1715	1.8365	0.9751	2.6979	-0.0403
0.55	0.75	Item232_Critical_17	4.4316	2.0188	-0.0546	0.0007	-0.1099	0.7632	-0.2146	1.7409	0.1393
0.55	0.75	Item232_Critical_18	4.1402	1.642	-0.1493	0.0028	-0.3014	0.3524	-0.2884	0.9932	-0.0485
0.55	0.75	Item232_Critical_19	9.6003	3.5577	-0.0868	-0.0001	-0.1734	0.3667	0.1357	0.5977	0.1081
0.55	0.75	Item232_Critical_2	4.5411	3.1035	0.0189	0.0209	0.0169	0.9433	0.1489	1.7377	0.1309
0.55	0.75	Item232_Critical_20	8.7437	1.9222	-0.052	0.0225	-0.1264	-0.0346	-0.3642	0.2951	0.0371
0.55	0.75	Item232_Critical_21	11.0425	1.5174	-0.0576	0.0003	-0.1155	0.3177	-0.0345	0.6698	0.0208
0.55	0.75	Item232_Critical_23	7.657	0.6856	-0.0473	-0.015	-0.0797	-0.8988	-0.9868	-0.8109	0.0799
0.55	0.75	Item232_Critical_24	8.7967	2.3329	0.0042	-0.0059	0.0143	1.3787	1.3891	1.3684	0.0769
0.55	0.75	Item232_Critical_25	5.0819	4.6254	0.0176	0.0183	0.0168	0.6018	-0.0005	1.204	0.0344
0.55	0.75	Item232_Critical_26	5.08	3.7684	-0.088	-0.0165	-0.1595	1.0901	-0.3817	2.5619	0.0991
0.55	0.75	Item232_Critical_27	10.726	1.0835	0.0287	0.0147	0.0427	-0.6797	-0.8487	-0.5108	0.0905
0.55	0.75	Item232_Critical_28	9.0416	1.8465	-0.0703	-0.0018	-0.1389	1.0519	0.7464	1.3574	-0.0196
0.55	0.75	Item232_Critical_3	5.8084	1.9081	-0.1358	-0.0235	-0.2482	3.986	4.7011	3.2709	-0.0309
0.55	0.75	Item232_Critical_30	5.1043	3.8684	-0.0506	-0.0263	-0.0748	0.8032	-0.4799	2.0863	0.0046
0.55	0.75	Item232_Critical_4	11.1154	2.4919	-0.0034	-0.014	0.0073	1.094	0.7229	1.4652	0.0849
0.55	0.75	Item232_Critical_5	7.4007	2.0676	-0.0422	0.0097	-0.0941	1.3341	0.8179	1.8503	-0.0749
0.55	0.75	Item232_Critical_6	7.6791	2.1293	-0.0576	-0.0207	-0.0945	0.8601	0.9614	0.7588	0.0722
0.55	0.75	Item232_Critical_7	9.309	1.2027	0.03	-0.0004	0.0603	1.1122	1.002	1.2224	0.166
0.55	0.75	Item232_Critical_8	8.9979	3.1581	-0.1608	-0.0097	-0.3119	0.0124	-0.0777	0.1024	-0.0234
0.55	0.75	Item232_Critical_9	4.5072	2.5576	-0.0039	-0.0235	0.0158	-1.0784	0.281	-2.4378	0.3426
0.55	0.75	Item238_Critical_VAdv1	13.0783	3.067	-0.206	-0.1016	-0.3104	NA	NA	NA	NA
0.55	0.75	Item238_Critical_VN1	5.258	3.1313	0.0538	-0.0026	0.1101	1.2268	1.2115	1.2422	0.0635
0.55	0.75	Item238_Critical_VN2	9.6291	2.9373	-0.1539	-0.0289	-0.2789	-1.083	-0.5794	-1.5866	0.2329
0.55	0.75	Item238_Critical_VN3	9.5883	2.9988	0.0039	0.0065	0.0014	-0.1231	-0.2887	0.0426	0.0505
0.55	0.75	Item238_Critical_VN5	12.1031	3.4475	-0.0394	-0.0123	-0.0664	0.613	0.6369	0.589	0.0412
0.55	0.75	Item238_Critical_Vadv1	12.5241	3.6449	-0.1206	0.0099	-0.2512	NA	NA	NA	NA
0.55	0.75	Item238_Critical_Vadv2	13.8199	1.6077	-0.2059	-0.122	-0.2899	0.2446	0.1583	0.3309	0.0496
0.55	0.75	Item238_Critical_Vadv3	7.9852	2.6989	-0.1924	0.0028	-0.3876	2.1498	0.8829	3.4168	0.1253
0.55	0.75	Item238_Critical_Vadv5	9.5892	-2.899	-0.2499	-0.4848	-0.015	0.3891	1.5347	-0.7564	-0.0426
0.55	0.75	Item238_Critical_Vadv6	9.7519	0.2875	-0.0471	0.0039	-0.0981	-1.1658	-1.5148	-0.8167	-0.0807
0.55	0.75	Item238_Critical_Vadv7	10.0225	2.1926	-0.1852	-0.1233	-0.2471	1.1259	0.8429	1.409	-0.0771
0.55	0.75	Item238_Critical_Vadv8	4.3906	2.4682	-0.2027	-0.0825	-0.3229	0.9221	0.1711	1.6731	-0.0229
0.55	0.75	Item238_Critical_Vadv9	8.9944	-1.7752	-0.232	-0.5274	0.0633	0.7078	1.8268	-0.4111	-0.0779
0.55	0.75	ItemCritical_6	5.3826	3.3977	-0.057	0.0376	-0.1517	1.1364	0.8039	1.4688	0.1094
0.55	1	Item232_Critical_0	4.373	3.51	-0.0232	-0.0477	0.0013	-0.3042	-0.3355	-0.2729	0.0238
0.55	1	Item232_Critical_1	8.6164	2.9369	-0.0624	-0.1352	0.0104	-0.0488	-0.0845	-0.0132	0.0642
0.55	1	Item232_Critical_10	8.5772	1.0703	-0.0251	-0.0535	0.0034	-0.8965	-1.6351	-0.1579	0.0964
0.55	1	Item232_Critical_11	10.8578	1.7444	-0.173	-0.3624	0.0163	-2.2572	-2.7516	-1.7627	0.3337
0.55	1	Item232_Critical_12	10.5074	1.7464	-0.0212	-0.0367	-0.0058	0.0657	-0.7994	0.9309	-0.059
0.55	1	Item232_Critical_13	8.9615	2.5436	-0.0692	-0.1174	-0.021	-1.8044	-2.6084	-1.0005	0.0513
0.55	1	Item232_Critical_14	4.2272	2.998	-0.067	-0.1267	-0.0072	-1.9273	-1.1961	-2.6585	0.0526
0.55	1	Item232_Critical_15	10.339	2.2406	0.0231	0.0027	0.0435	-0.7003	-1.3198	-0.0809	0.0335
0.55	1	Item232_Critical_16	10.1191	3.1002	-0.0431	-0.0792	-0.007	1.561	0.9963	2.1258	0.0858
0.55	1	Item232_Critical_17	5.0429	3.6591	-0.1062	-0.1891	-0.0234	0.2612	-0.2419	0.7642	0.0907
0.55	1	Item232_Critical_18	4.6016	3.0421	-0.0448	-0.0744	-0.0153	0.0877	-0.001	0.1763	0.0331
0.55	1	Item232_Critical_19	10.0801	3.4515	-0.0521	-0.1296	0.0255	-0.1136	0.0245	-0.2517	0.0336
0.55	1	Item232_Critical_2	4.689	3.8325	-0.069	-0.1102	-0.0277	-0.0889	0.3306	-0.5085	0.0455
0.55	1	Item232_Critical_20	9.2523	1.9078	-0.0135	-0.0243	-0.0026	-0.0775	-0.443	0.2881	-0.0209
0.55	1	Item232_Critical_21	11.6564	2.3716	0.0213	0.0853	-0.0428	-0.0187	0.3731	-0.4106	-0.0241
0.55	1	Item232_Critical_23	8.2192	0.9975	0.0591	0.1198	-0.0017	-0.868	-0.9569	-0.7792	0.0412
0.55	1	Item232_Critical_24	9.322	2.9075	-0.0686	-0.0851	-0.052	1.4767	1.5264	1.4271	-0.0721
0.55	1	Item232_Critical_25	4.8125	4.3431	-0.0443	-0.1069	0.0184	0.0286	0.1654	-0.1083	0.0557
0.55	1	Item232_Critical_26	5.6742	5.5185	-0.0642	-0.1125	-0.0159	0.5654	-0.4199	1.5507	-0.029
0.55	1	Item232_Critical_27	11.1931	2.2156	0.0268	0.1008	-0.0471	-0.8644	-0.4269	-1.3019	0.0206
0.55	1	Item232_Critical_28	10.1195	3.4378	0.0066	0.0252	-0.0119	0.9258	0.9275	0.9241	-0.0134
0.55	1	Item232_Critical_3	5.81	1.9962	-0.0919	-0.1604	-0.0234	3.4021	4.7376	2.0666	-0.0608
0.55	1	Item232_Critical_30	5.1083	3.9058	-0.0905	-0.18	-0.001	0.2223	-0.377	0.8216	-0.011
0.55	1	Item232_Critical_4	11.1365	3.0187	-0.0489	-0.0891	-0.0087	0.756	0.9479	0.5641	0.0859
0.55	1	Item232_Critical_5	7.7364	2.2822	-0.0398	-0.0675	-0.0121	1.5882	1.1212	2.0551	-0.0358
0.55	1	Item232_Critical_6	8.3984	3.3684	0.0427	0.0964	-0.0111	0.4976	1.2281	-0.2329	-0.0591
0.55	1	Item232_Critical_7	9.3026	1.1879	0.0063	0.02	-0.0074	0.7593	0.568	0.9506	0.044
0.55	1	Item232_Critical_8	9.0562	2.8086	-0.0744	-0.1788	0.03	0.1057	0.0669	0.1444	0.07
0.55	1	Item232_Critical_9	4.6454	3.2762	-0.0609	-0.0766	-0.0452	-1.916	0.2035	-4.0355	0.0166
0.55	1	Item238_Critical_VAdv1	14.0035	2.988	0.0524	0.0409	0.0639	NA	NA	NA	NA
0.55	1	Item238_Critical_VN1	5.1193	3.4316	-0.0623	-0.0835	-0.0412	1.0588	1.6645	0.4531	-0.014
0.55	1	Item238_Critical_VN2	9.8417	2.4158	-0.1344	-0.2707	0.002	-1.9321	-0.8063	-3.0579	0.0145
0.55	1	Item238_Critical_VN3	10.6787	4.0762	-0.0765	-0.1409	-0.0121	-0.6521	-0.7056	-0.5986	0.0256
0.55	1	Item238_Critical_VN5	12.4735	3.5614	-0.0206	-0.0271	-0.0141	0.4124	0.5198	0.3051	0.0627
0.55	1	Item238_Critical_Vadv1	13.3372	4.0681	-0.0204	-0.0023	-0.0386	NA	NA	NA	NA
0.55	1	Item238_Critical_Vadv2	14.1715	2.0682	-0.0673	-0.1332	-0.0014	-0.0222	0.0213	-0.0658	0.0359
0.55	1	Item238_Critical_Vadv3	8.2916	3.5348	-0.0766	-0.1103	-0.0428	1.6142	0.6615	2.5669	0.0938
0.55	1	Item238_Critical_Vadv5	9.7856	4.2248	-0.0437	-0.076	-0.0114	-0.072	-0.1658	0.0218	-0.017
0.55	1	Item238_Critical_Vadv6	9.9778	0.4522	-0.0159	-0.0075	-0.0243	-1.5388	-1.7357	-1.342	-0.0614
0.55	1	Item238_Critical_Vadv7	10.4318	2.5163	-0.0903	-0.1161	-0.0645	0.8693	0.9842	0.7544	-0.0288
0.55	1	Item238_Critical_Vadv8	4.8477	2.7689	-0.1044	-0.1831	-0.0257	0.4878	-0.0988	1.0743	-0.0118
0.55	1	Item238_Critical_Vadv9	9.8955	3.7405	-0.0104	-0.012	-0.0089	0.5913	0.1489	1.0338	0.0552
0.55	1	ItemCritical_6	5.8587	4.7007	-0.1028	-0.154	-0.0516	0.5335	0.8567	0.2103	0.0003
0.55	1	ItemMixed_1	13.1719	2.4817	-0.0063	-0.0409	0.0283	0.2013	-0.5301	0.9328	-0.1018
0.55	1	ItemMixed_11	8.3703	1.5228	-0.0887	-0.2046	0.0272	0.3895	0.303	0.476	-0.0407
0.55	1	ItemMixed_12	8.6767	2.4175	-0.0174	0.0197	-0.0545	0.3049	-0.9132	1.523	-0.1856
0.55	1	ItemMixed_13	8.4859	3.2257	-0.0853	-0.1886	0.0181	1.4285	0.7735	2.0835	-0.0062
0.55	1	ItemMixed_14	7.4061	2.3431	0.0229	0.0643	-0.0185	-2.2843	-3.2107	-1.3578	-0.1379
0.55	1	ItemMixed_15	12.9616	3.2196	-0.062	-0.1443	0.0204	-1.8277	-2.2189	-1.4365	0.0604
0.55	1	ItemMixed_16	12.1692	3.1219	-0.12	-0.1244	-0.1157	0.8435	1.9682	-0.2813	-0.0639
0.55	1	ItemMixed_17	4.9371	5.0174	-0.0664	-0.1087	-0.0241	0.3165	0.7181	-0.0851	0.0746
0.55	1	ItemMixed_18	5.6102	4.2644	-0.1051	-0.2252	0.015	-1.1771	-0.8724	-1.4819	0.0343
0.55	1	ItemMixed_19	11.8912	1.8665	-0.0391	-0.0699	-0.0083	-1.1066	-2.4931	0.2798	-0.0626
0.55	1	ItemMixed_2	8.7075	3.2971	-0.0032	0.0178	-0.0242	1.1296	0.7889	1.4703	-0.0701
0.55	1	ItemMixed_21	6.4723	2.4259	-0.0272	-0.0673	0.013	0.5706	0.2126	0.9287	-0.0185
0.55	1	ItemMixed_22	14.4578	1.9938	0.0128	0.0313	-0.0058	-0.6714	-1.3665	0.0236	-0.051
0.55	1	ItemMixed_23	9.3178	2.5989	-0.0285	-0.0243	-0.0327	0.3481	-0.0223	0.7185	0.1166
0.55	1	ItemMixed_24	10.9721	3.6243	-0.0937	-0.1586	-0.0289	0.4672	0.3571	0.5773	-0.0186
0.55	1	ItemMixed_25	8.6089	4.868	-0.0519	-0.1152	0.0114	0.2977	0.2956	0.2998	0.0038
0.55	1	ItemMixed_26	10.33	5.2941	-0.0999	-0.1798	-0.0201	0.1024	0.4226	-0.2178	0.1103
0.55	1	ItemMixed_27	8.7968	2.877	0.0201	0.0491	-0.0089	-0.1014	-1.1461	0.9434	0.0441
0.55	1	ItemMixed_28	8.4183	3.4124	0.0986	0.0741	0.123	-1.4983	-1.6718	-1.3248	0.0831
0.55	1	ItemMixed_29	4.688	3.8855	-0.0526	-0.1002	-0.0051	0.4885	0.2476	0.7293	-0.1073
0.55	1	ItemMixed_3	5.7174	3.4392	-0.0821	-0.1546	-0.0095	0.2677	0.3376	0.1977	0.0855
0.55	1	ItemMixed_30	7.3976	1.9993	-0.0149	-0.0146	-0.0152	0.0174	-0.3982	0.4329	-0.007
0.55	1	ItemMixed_31	15.7632	1.6231	0.0326	0.0813	-0.016	0.592	1.3624	-0.1783	0.0395
0.55	1	ItemMixed_32	7.9146	2.5443	0.0521	0.1203	-0.0161	-0.3429	-0.1088	-0.577	0.0453
0.55	1	ItemMixed_33	7.9255	3.2797	-0.0274	-0.0095	-0.0453	1.0358	-0.1648	2.2364	0.0454
0.55	1	ItemMixed_34	5.1177	3.6866	-0.1154	-0.2015	-0.0294	-1.3986	-0.8005	-1.9967	0.1247
0.55	1	ItemMixed_35	14.9091	1.693	0.0468	0.0705	0.0232	-1.0809	-0.8291	-1.3327	0.0262
0.55	1	ItemMixed_36	11.9065	1.6353	0.1049	0.2245	-0.0147	-0.8442	-1.1614	-0.527	-0.1081
0.55	1	ItemMixed_37	10.8867	4.3039	-0.0496	-0.0684	-0.0308	1.1069	2.2714	-0.0577	-0.0811
0.55	1	ItemMixed_38	10.4625	1.8785	-0.0365	-0.1005	0.0274	-1.453	-1.6484	-1.2575	-0.0207
0.55	1	ItemMixed_39	4.22	1.7037	-0.0404	-0.101	0.0203	1.0547	-0.3019	2.4113	0.0196
0.55	1	ItemMixed_4	5.7285	4.4176	-0.1397	-0.2678	-0.0115	0.1743	-0.253	0.6017	0.032
0.55	1	ItemMixed_40	8.5786	2.0037	-0.0125	-0.0144	-0.0107	-1.2569	-0.5702	-1.9436	0.1771
0.55	1	ItemMixed_41	10.6266	4.7957	-0.1728	-0.2954	-0.0501	2.1369	2.0552	2.2186	-0.0492
0.55	1	ItemMixed_42	10.5743	4.152	-0.0958	-0.1031	-0.0885	1.0233	1.2406	0.806	0.0101
0.55	1	ItemMixed_43	7.2527	3.4825	0.0011	-0.0027	0.005	0.7291	0.6473	0.811	0.0834
0.55	1	ItemMixed_5	12.0607	3.0672	0.0091	0.0286	-0.0103	2.2937	2.123	2.4643	-0.1232
0.55	1	ItemMixed_6	13.6659	1.4007	-0.0719	-0.1566	0.0128	-0.8874	-1.8398	0.0651	0.008
0.55	1	ItemMixed_7	5.4293	4.9545	-0.0378	-0.145	0.0694	-0.7369	-0.2134	-1.2605	0.0097
0.55	1	ItemMixed_8	7.5334	1.4752	0.0799	0.1766	-0.0168	-0.0156	-1.2254	1.1943	0.0541
0.55	1	ItemMixed_9	4.2471	2.4465	-0.1117	-0.2228	-0.0006	0.3665	-0.4449	1.178	0.0956
0.6	1	Item232_Critical_0	4.7925	2.6309	-0.0599	-0.0922	-0.0276	-0.1252	-0.6728	0.4224	0.0097
0.6	1	Item232_Critical_1	8.6645	1.6402	-0.0544	-0.1072	-0.0015	-0.1375	-0.3055	0.0305	0.0811
0.6	1	Item232_Critical_10	8.0771	-0.2974	-0.0599	-0.0639	-0.0559	-0.3873	-1.0156	0.2409	-0.0498
0.6	1	Item232_Critical_11	10.7129	0.3498	-0.1647	-0.2751	-0.0544	-1.5424	-2.5491	-0.5357	0.2022
0.6	1	Item232_Critical_12	11.0803	1.5627	-0.0458	-0.0868	-0.0048	0.1309	-0.6251	0.8869	0.0425
0.6	1	Item232_Critical_13	8.8811	1.4523	-0.0399	-0.0813	0.0016	-1.1459	-2.5105	0.2187	0.0629
0.6	1	Item232_Critical_14	4.64	1.5754	-0.088	-0.1696	-0.0064	-1.4748	-1.5951	-1.3544	0.0995
0.6	1	Item232_Critical_15	10.5328	1.1338	0.002	-0.0408	0.0447	-0.1372	-1.1634	0.8889	0.0431
0.6	1	Item232_Critical_16	10.3562	2.4141	-0.0764	-0.119	-0.0338	1.4744	1.3095	1.6394	-0.0004
0.6	1	Item232_Critical_17	4.9436	1.8322	-0.1414	-0.1898	-0.0931	0.1687	-0.2787	0.6161	0.0622
0.6	1	Item232_Critical_18	4.6374	1.2042	-0.0552	-0.1137	0.0033	-0.1574	-0.2128	-0.1019	0.0286
0.6	1	Item232_Critical_19	10.1361	2.3053	-0.1151	-0.1493	-0.0808	0.6163	0.3107	0.922	0.0361
0.6	1	Item232_Critical_2	5.1441	2.7328	-0.0642	-0.1128	-0.0156	0.4771	0.2107	0.7436	0.0773
0.6	1	Item232_Critical_20	9.3342	0.8449	-0.032	-0.0878	0.0239	0.1262	-0.2958	0.5482	-0.0257
0.6	1	Item232_Critical_21	11.4291	0.2914	-0.0051	0.0404	-0.0507	0.3694	0.143	0.5959	0.0151
0.6	1	Item232_Critical_23	8.467	0.6546	0.0309	0.059	0.0027	-0.1958	-0.9034	0.5118	0.0636
0.6	1	Item232_Critical_24	8.8987	0.5758	-0.0957	-0.1181	-0.0733	1.6211	1.5251	1.7172	-0.0203
0.6	1	Item232_Critical_25	4.9681	2.6115	-0.054	-0.142	0.034	0.0706	-0.1398	0.281	0.0319
0.6	1	Item232_Critical_26	5.4514	2.7583	-0.031	-0.1128	0.0508	0.3238	-0.2382	0.8858	0.0029
0.6	1	Item232_Critical_27	11.4989	1.2661	-0.005	-0.0443	0.0343	-0.6614	-0.7619	-0.561	0.0718
0.6	1	Item232_Critical_28	9.985	1.9546	0.0142	0.0004	0.028	1.2973	1.2449	1.3498	0.0297
0.6	1	Item232_Critical_3	5.9066	1.3016	-0.0938	-0.1408	-0.0467	4.0256	4.7495	3.3016	-0.0353
0.6	1	Item232_Critical_30	5.2884	2.7692	-0.0395	-0.1648	0.0858	0.0176	-0.4647	0.4998	0.035
0.6	1	Item232_Critical_4	11.0993	2.2264	-0.0479	-0.069	-0.0268	0.8228	0.8628	0.7829	0.095
0.6	1	Item232_Critical_5	7.6358	1.1414	-0.0504	-0.1056	0.0048	1.6913	1.3387	2.044	-0.0184
0.6	1	Item232_Critical_6	8.4737	1.6882	-0.0261	0.0064	-0.0586	0.8618	1.3282	0.3954	0.0203
0.6	1	Item232_Critical_7	9.4782	0.323	-0.0162	-0.024	-0.0084	1.4865	0.6311	2.3419	0.0078
0.6	1	Item232_Critical_8	8.9371	0.7068	-0.1127	-0.1506	-0.0748	0.4892	-0.1937	1.1721	0.1027
0.6	1	Item232_Critical_9	5.2383	3.09	-0.067	-0.1282	-0.0059	-1.0546	-0.1786	-1.9305	0.1358
0.6	1	Item238_Critical_VAdv1	14.0248	1.0309	-0.0489	-0.0946	-0.0032	NA	NA	NA	NA
0.6	1	Item238_Critical_VN1	5.3942	2.2494	-0.0771	-0.1178	-0.0363	1.1018	1.5743	0.6292	0.0214
0.6	1	Item238_Critical_VN2	9.9194	0.7339	-0.1791	-0.2518	-0.1065	-0.8562	-0.7905	-0.9219	0.0111
0.6	1	Item238_Critical_VN3	10.6906	2.5498	-0.0903	-0.1594	-0.0212	-0.69	-0.5715	-0.8086	0.0225
0.6	1	Item238_Critical_VN5	12.6513	2.0536	-0.0796	-0.0558	-0.1034	0.5789	0.5042	0.6536	0.0243
0.6	1	Item238_Critical_Vadv1	13.5176	2.371	0.0051	0.0143	-0.0041	NA	NA	NA	NA
0.6	1	Item238_Critical_Vadv2	14.9527	0.9953	-0.1686	-0.2873	-0.0499	0.2439	0.5468	-0.0591	0.0414
0.6	1	Item238_Critical_Vadv3	9.5019	0.6064	-0.2243	-0.4725	0.0239	2.6677	3.23	2.1055	0.018
0.6	1	Item238_Critical_Vadv5	10.3254	3.2248	-0.0256	-0.0364	-0.0148	-0.0337	-0.227	0.1596	0.0385
0.6	1	Item238_Critical_Vadv6	10.2989	-0.0614	-0.0485	-0.1058	0.0089	-0.9739	-0.7522	-1.1955	-0.0889
0.6	1	Item238_Critical_Vadv7	11.1978	1.4563	-0.2482	-0.4811	-0.0153	0.7917	1.461	0.1224	-0.036
0.6	1	Item238_Critical_Vadv8	5.3266	1.6452	-0.2464	-0.4891	-0.0038	0.7876	0.4631	1.1121	0.0222
0.6	1	Item238_Critical_Vadv9	10.9024	2.5747	-0.0408	-0.0627	-0.019	0.151	-0.0662	0.3683	0.0441
0.6	1	ItemCritical_6	5.7477	2.7887	-0.0636	-0.1037	-0.0235	0.6379	0.4876	0.7882	-0.029
0.65	1	Item232_Critical_0	5.0583	0.9387	-0.0379	-0.0666	-0.0091	0.0565	-0.8558	0.9689	-0.0531
0.65	1	Item232_Critical_1	9.112	0.8288	-0.0365	-0.0518	-0.0211	-0.1459	-0.1971	-0.0947	-0.0007
0.65	1	Item232_Critical_10	8.2602	-1.0397	0.0072	0.0412	-0.0267	-0.0981	-0.0471	-0.149	0.0364
0.65	1	Item232_Critical_11	11.0014	-0.2023	-0.0161	-0.0277	-0.0044	-1.2449	-1.8601	-0.6297	0.0345
0.65	1	Item232_Critical_12	11.5417	0.1456	-0.0138	-0.0361	0.0085	-0.0219	-0.1907	0.1469	0.0246
0.65	1	Item232_Critical_13	8.9367	-0.1007	-0.0043	-0.0088	0.0002	-0.6979	-2.2609	0.865	-0.0081
0.65	1	Item232_Critical_14	6.0121	0.8316	-0.0081	-0.0226	0.0065	-2.7085	-2.7084	-2.7087	0.1109
0.65	1	Item232_Critical_15	10.893	0.0782	0.0323	0.0106	0.0539	-0.7411	-0.76	-0.7223	0.0159
0.65	1	Item232_Critical_16	10.9783	1.2641	-0.0166	-0.0163	-0.0168	1.7931	1.8094	1.7767	-0.033
0.65	1	Item232_Critical_17	5.2344	0.3551	-0.038	-0.0616	-0.0143	0.4508	0.1563	0.7453	0.0267
0.65	1	Item232_Critical_18	5.6491	-0.4478	-0.0443	-0.056	-0.0326	0.1995	-0.4448	0.8437	0.0353
0.65	1	Item232_Critical_19	10.6812	1.6935	-0.0176	-0.029	-0.0063	0.7526	0.9785	0.5267	0.0302
0.65	1	Item232_Critical_2	5.6999	-0.0914	-0.0279	-0.0325	-0.0233	0.152	0.063	0.241	-0.0103
0.65	1	Item232_Critical_20	9.4137	-0.2809	-0.0256	-0.0197	-0.0314	-0.1106	-0.2746	0.0535	-0.059
0.65	1	Item232_Critical_21	12.2178	-1.1192	-0.0008	0.0009	-0.0024	0.264	-0.0649	0.5928	-0.0691
0.65	1	Item232_Critical_23	8.6442	-0.2849	0.0146	0.0236	0.0056	-0.629	-0.7171	-0.5409	0.0411
0.65	1	Item232_Critical_24	9.9445	0.0251	-0.0635	-0.0932	-0.0339	1.538	1.4577	1.6183	0.0309
0.65	1	Item232_Critical_25	6.0953	1.2977	-0.0271	-0.0066	-0.0475	-0.3475	-0.8347	0.1398	0.0191
0.65	1	Item232_Critical_26	6.1345	1.2334	-0.047	-0.136	0.042	0.6297	-0.2897	1.549	0.0112
0.65	1	Item232_Critical_27	11.8446	-0.6796	0.0363	0.0025	0.0702	-0.9826	-1.1402	-0.8251	0.0515
0.65	1	Item232_Critical_28	10.2165	0.6107	-0.0352	-0.0144	-0.0559	1.4087	1.7558	1.0616	-0.1206
0.65	1	Item232_Critical_3	6.6017	1.0807	-0.0143	-0.0105	-0.0182	3.8011	4.6821	2.92	-0.0636
0.65	1	Item232_Critical_30	5.999	1.3737	-0.0264	0.0032	-0.0561	0.3883	-0.5103	1.287	-0.0172
0.65	1	Item232_Critical_4	11.535	1.4444	-0.0225	-0.0241	-0.0209	0.5599	0.945	0.1747	0.0557
0.65	1	Item232_Critical_5	8.1316	0.8422	-0.037	-0.0416	-0.0325	1.1584	1.666	0.6508	-0.0301
0.65	1	Item232_Critical_6	9.3045	-0.1715	-0.007	-0.014	0.0001	0.6834	1.6483	-0.2815	-0.0797
0.65	1	Item232_Critical_7	10.2809	-0.5272	-0.0316	-0.026	-0.0372	1.0483	0.9621	1.1344	-0.0688
0.65	1	Item232_Critical_8	10.2701	0.6012	-0.0317	-0.0273	-0.0362	-0.2739	-0.5456	-0.0022	0.0357
0.65	1	Item232_Critical_9	5.4939	0.9267	-0.009	0.0209	-0.0388	-1.7493	-0.6916	-2.8069	-0.0778
0.65	1	Item238_Critical_VAdv1	14.5273	-0.9457	-0.0379	-0.0439	-0.0319	NA	NA	NA	NA
0.65	1	Item238_Critical_VN1	6.0252	0.5683	-0.0189	-0.0114	-0.0264	1.0305	1.3702	0.6908	0.019
0.65	1	Item238_Critical_VN2	10.9559	0.2586	-0.0519	-0.0269	-0.0768	-1.0366	-0.6006	-1.4726	-0.0308
0.65	1	Item238_Critical_VN3	11.6537	1.5485	-0.0249	-0.0466	-0.0032	-0.5624	-0.5817	-0.5431	0.0024
0.65	1	Item238_Critical_VN5	13.3015	0.9691	-0.0152	-0.0194	-0.0111	0.5486	0.4873	0.6098	-0.0023
0.65	1	Item238_Critical_Vadv1	14.3604	1.0647	-0.1132	-0.0955	-0.1308	NA	NA	NA	NA
0.65	1	Item238_Critical_Vadv2	15.2396	-0.3415	-0.0631	0.01	-0.1362	0.2757	-0.1052	0.6566	0.1336
0.65	1	Item238_Critical_Vadv3	10.3729	-1.8705	-0.1164	-0.0279	-0.205	2.7221	1.3437	4.1005	0.17
0.65	1	Item238_Critical_Vadv5	11.751	0.2763	0.0006	0.0062	-0.0051	0.0711	-0.0468	0.189	0.0427
0.65	1	Item238_Critical_Vadv6	10.3846	-0.5906	-0.0273	0.0031	-0.0577	-0.6521	-0.6235	-0.6806	-0.0331
0.65	1	Item238_Critical_Vadv7	11.6962	-0.7023	-0.0752	-0.0367	-0.1137	0.8963	0.4194	1.3732	0.1566
0.65	1	Item238_Critical_Vadv8	6.3295	-1.4992	-0.1875	-0.096	-0.279	1.1258	0.8563	1.3954	-0.0219
0.65	1	Item238_Critical_Vadv9	11.9253	0.6777	-0.0029	-0.0682	0.0624	0.4389	0.6112	0.2666	-0.0332
0.65	1	ItemCritical_6	6.2444	1.5314	-0.0168	-0.0169	-0.0167	0.2863	0.1451	0.4276	0.0016
0.65	1	ItemMixed_1	13.466	2.7682	-0.2814	-0.157	-0.4057	0.3263	-0.5821	1.2347	-0.167
0.65	1	ItemMixed_11	8.018	1.2006	-0.3675	-0.3865	-0.3485	0.2257	0.1387	0.3127	0.0786
0.65	1	ItemMixed_12	9.335	3.1557	-0.3827	-0.0997	-0.6657	0.5454	-0.585	1.6758	0.1018
0.65	1	ItemMixed_13	9.4635	0.4612	0.0265	0.0023	0.0508	0.08	0.5229	-0.363	0.0865
0.65	1	ItemMixed_14	7.2697	2.0881	-0.0799	-0.0484	-0.1115	-1.6644	-2.8293	-0.4994	-0.1454
0.65	1	ItemMixed_15	12.7945	2.4555	-0.4778	-0.2852	-0.6703	-0.9	-1.7437	-0.0563	-0.0061
0.65	1	ItemMixed_16	11.9926	2.0174	-0.3877	-0.2034	-0.572	0.5209	1.5448	-0.5029	0.041
0.65	1	ItemMixed_17	5.3716	0.9528	-0.0292	-0.0105	-0.0479	0.3975	-0.1393	0.9343	-0.079
0.65	1	ItemMixed_18	7.0057	0.9172	0.0099	0.0134	0.0065	-0.8976	-0.8469	-0.9484	0.1899
0.65	1	ItemMixed_19	12.0209	1.3439	-0.3172	-0.2282	-0.4062	-0.4718	-2.1665	1.2229	-0.2239
0.65	1	ItemMixed_2	8.0164	1.0323	-0.3612	-0.1603	-0.5622	1.3783	0.797	1.9595	-0.328
0.65	1	ItemMixed_21	5.8584	0.561	-0.2209	-0.1041	-0.3377	0.2219	0.2759	0.1679	0.0078
0.65	1	ItemMixed_22	15.2078	-0.3328	-0.0103	0.0078	-0.0284	-0.1527	-0.2369	-0.0686	-0.061
0.65	1	ItemMixed_23	9.7026	2.6009	-0.391	-0.2857	-0.4962	1.3164	0.0785	2.5543	0.0602
0.65	1	ItemMixed_24	12.057	0.401	0.0098	0.026	-0.0065	1.1973	1.0107	1.384	0.0232
0.65	1	ItemMixed_25	11.6279	0.266	0.0287	0.0396	0.0178	0.4295	0.3446	0.5144	0.0803
0.65	1	ItemMixed_26	10.9417	1.8047	0.0455	0.0567	0.0342	-0.451	-0.9517	0.0498	-0.0509
0.65	1	ItemMixed_27	9.4608	0.3858	-0.0005	-0.0415	0.0405	-0.1442	-1.5641	1.2757	-0.1159
0.65	1	ItemMixed_28	8.483	2.5525	-0.4072	-0.1168	-0.6976	-1.4186	-1.5347	-1.3025	0.0605
0.65	1	ItemMixed_29	5.5144	1.3771	-0.0228	-0.0259	-0.0197	1.0274	0.6863	1.3684	-0.0082
0.65	1	ItemMixed_3	5.3136	1.9355	-0.4983	-0.3691	-0.6275	0.2154	0.2516	0.1793	-0.068
0.65	1	ItemMixed_30	7.856	1.8818	-0.1499	-0.1478	-0.152	0.2546	-0.2928	0.802	-0.0924
0.65	1	ItemMixed_31	15.2811	0.365	-0.2301	-0.0899	-0.3702	1.3384	1.2458	1.4311	0.0839
0.65	1	ItemMixed_32	8.4641	0.5571	-0.0024	-0.0025	-0.0023	-0.5495	-1.3573	0.2584	-0.1031
0.65	1	ItemMixed_33	8.2341	-0.7316	-0.0566	0.0012	-0.1144	0.8897	1.9912	-0.2119	-0.0804
0.65	1	ItemMixed_34	5.6858	1.1263	0.0001	-0.0022	0.0024	-1.6192	-1.6566	-1.5817	0.0193
0.65	1	ItemMixed_35	14.761	0.7272	-0.1751	-0.0503	-0.2999	-0.8945	-0.9175	-0.8714	0.0774
0.65	1	ItemMixed_36	12.0701	1.6688	-0.0869	0.134	-0.3078	-0.5173	-1.2234	0.1887	0.1082
0.65	1	ItemMixed_37	10.6013	3.0115	-0.1075	-0.2375	0.0225	1.3752	2.034	0.7165	-0.0314
0.65	1	ItemMixed_38	10.6885	1.3808	-0.3045	-0.2708	-0.3381	-1.2381	-1.5508	-0.9254	-0.0069
0.65	1	ItemMixed_39	4.5306	1.5454	-0.4123	-0.3315	-0.4932	1.0565	-0.0086	2.1217	-0.1319
0.65	1	ItemMixed_4	6.4724	0.9036	-0.0436	-0.0257	-0.0615	0.4302	-0.279	1.1394	-0.0181
0.65	1	ItemMixed_40	8.8664	2.1117	-0.3354	-0.1982	-0.4726	-0.3629	-0.7511	0.0254	0.2599
0.65	1	ItemMixed_41	11.1943	0.6457	-0.0033	0.0417	-0.0483	1.3128	2.0168	0.6088	-0.0921
0.65	1	ItemMixed_42	10.3227	2.5875	-0.6228	-0.2344	-1.0113	1.5871	1.3348	1.8394	-0.2265
0.65	1	ItemMixed_43	8.0168	1.3684	-0.0534	-0.0894	-0.0174	-0.2124	-0.2717	-0.1532	0.0541
0.65	1	ItemMixed_5	11.8073	1.8474	-0.3512	-0.1686	-0.5337	2.0269	2.0439	2.0098	0.0784
0.65	1	ItemMixed_6	13.4593	0.7417	-0.2084	-0.2378	-0.179	-0.3266	-1.6571	1.0038	-0.0728
0.65	1	ItemMixed_7	6.9319	1.1093	0.037	0.0352	0.0387	-1.2691	-1.1849	-1.3533	0.1162
0.65	1	ItemMixed_8	7.6789	1.5399	-0.0376	0.0892	-0.1644	0.0188	-1.1822	1.2198	0.0269
0.65	1	ItemMixed_9	6.1773	0.7047	0.0062	0.0518	-0.0395	-0.9013	-1.4	-0.4026	0.0581
0.7	1	Item232_Critical_0	4.7423	2.1651	-0.1205	-0.2667	0.0257	0.0695	-0.0622	0.2012	-0.0338
0.7	1	Item232_Critical_1	9.2077	2.3117	-0.1442	-0.2936	0.0052	-0.3058	-0.1105	-0.5011	0.0631
0.7	1	Item232_Critical_10	8.5727	0.1079	-0.0643	-0.1214	-0.0071	-0.4642	-0.7804	-0.1481	0.0154
0.7	1	Item232_Critical_11	11.0048	0.629	-0.2291	-0.4475	-0.0107	-1.9726	-2.0297	-1.9155	0.1411
0.7	1	Item232_Critical_12	10.9668	0.9138	-0.0496	-0.1099	0.0107	-0.1722	-0.3077	-0.0366	-0.0076
0.7	1	Item232_Critical_13	8.6669	0.5493	-0.0799	-0.1676	0.0077	-1.059	-2.0455	-0.0724	0.0676
0.7	1	Item232_Critical_14	5.1384	1.7988	-0.1833	-0.367	0.0004	-1.9077	-0.8042	-3.0111	0.0711
0.7	1	Item232_Critical_15	10.592	0.6724	-0.0437	-0.1048	0.0174	-0.9365	-0.9355	-0.9374	-0.0113
0.7	1	Item232_Critical_16	10.4718	1.7806	-0.1348	-0.2719	0.0023	1.6058	1.8911	1.3204	-0.0688
0.7	1	Item232_Critical_17	5.1848	2.0243	-0.174	-0.37	0.022	0.1123	-0.133	0.3576	-0.0039
0.7	1	Item232_Critical_18	5.044	1.3006	-0.1526	-0.3182	0.0129	0.1343	0.1104	0.1581	0.0561
0.7	1	Item232_Critical_19	10.502	2.5715	-0.078	-0.1852	0.0293	0.2783	0.6497	-0.0931	-0.0078
0.7	1	Item232_Critical_2	4.9977	1.7475	-0.1662	-0.3235	-0.009	-0.0495	0.4263	-0.5252	0.0515
0.7	1	Item232_Critical_20	9.4986	0.7638	-0.1141	-0.2066	-0.0215	-0.2365	-0.2205	-0.2525	0.0094
0.7	1	Item232_Critical_21	11.7827	0.6552	-0.0969	-0.182	-0.0119	0.0272	0.1221	-0.0677	-0.0102
0.7	1	Item232_Critical_23	8.363	0.382	-0.0045	0.008	-0.017	-0.8304	-0.7241	-0.9367	0.0074
0.7	1	Item232_Critical_24	9.4001	1.0246	-0.1218	-0.2537	0.0101	1.4149	1.4176	1.4122	-0.0048
0.7	1	Item232_Critical_25	5.4916	2.239	-0.1474	-0.3332	0.0384	-0.018	0.5783	-0.6142	0.0938
0.7	1	Item232_Critical_26	6.045	3.0877	-0.1599	-0.333	0.0132	0.5189	-0.1033	1.1412	-0.0186
0.7	1	Item232_Critical_27	11.3463	0.3549	-0.0788	-0.1544	-0.0033	-1.1161	-0.7771	-1.4551	0.0787
0.7	1	Item232_Critical_28	10.1653	1.8468	-0.0838	-0.164	-0.0035	1.2881	1.4701	1.106	-0.0437
0.7	1	Item232_Critical_3	6.0145	1.2564	-0.1007	-0.2199	0.0186	3.2516	4.5464	1.9568	-0.0695
0.7	1	Item232_Critical_30	5.5975	2.5583	-0.152	-0.3169	0.0129	0.6678	0.2779	1.0578	0.0099
0.7	1	Item232_Critical_4	11.456	1.9598	-0.0967	-0.1719	-0.0215	0.7423	1.4604	0.0243	0.0582
0.7	1	Item232_Critical_5	8.0397	1.36	-0.0758	-0.1614	0.0098	1.3926	1.5178	1.2674	-0.0355
0.7	1	Item232_Critical_6	8.5343	1.3311	-0.0776	-0.151	-0.0041	0.3574	1.5504	-0.8356	-0.0339
0.7	1	Item232_Critical_7	9.5746	-0.0912	-0.0819	-0.1826	0.0188	0.652	1.1117	0.1923	-0.0146
0.7	1	Item232_Critical_8	9.6425	1.3464	-0.2187	-0.4279	-0.0096	-0.2446	-0.0833	-0.4058	0.0509
0.7	1	Item232_Critical_9	5.0138	2.0141	-0.1263	-0.2559	0.0034	-1.9869	-0.2355	-3.7384	0.1541
0.7	1	Item238_Critical_VAdv1	15.099	1.0455	-0.0315	-0.1053	0.0423	NA	NA	NA	NA
0.7	1	Item238_Critical_VN1	5.3368	1.5077	-0.1541	-0.2904	-0.0179	1.258	1.8985	0.6175	0.0379
0.7	1	Item238_Critical_VN2	10.5359	1.138	-0.2108	-0.4213	-0.0004	-1.6723	-0.6705	-2.6741	-0.0
0.7	1	Item238_Critical_VN3	10.9028	1.7996	-0.1554	-0.2944	-0.0163	-0.6849	-0.4228	-0.947	0.0085
0.7	1	Item238_Critical_VN5	12.9311	2.1693	-0.1677	-0.3335	-0.0019	0.6342	0.4186	0.8498	0.0112
0.7	1	Item238_Critical_Vadv1	14.0679	2.6017	-0.1203	-0.2137	-0.0268	NA	NA	NA	NA
0.7	1	Item238_Critical_Vadv2	15.2212	0.09	-0.0582	-0.1085	-0.0079	-0.0929	-0.032	-0.1538	0.0147
0.7	1	Item238_Critical_Vadv3	10.1964	-0.4378	-0.0679	-0.1332	-0.0026	1.7946	1.9017	1.6874	0.0321
0.7	1	Item238_Critical_Vadv5	11.2204	1.2919	-0.0053	-0.0094	-0.0013	0.0968	-0.1284	0.3221	0.0206
0.7	1	Item238_Critical_Vadv6	10.2896	-0.3552	-0.0084	-0.0164	-0.0004	-0.8892	-0.6634	-1.1151	-0.002
0.7	1	Item238_Critical_Vadv7	11.7033	-0.0155	-0.0491	-0.0976	-0.0007	0.5569	0.5889	0.5248	-0.0306
0.7	1	Item238_Critical_Vadv8	6.2171	0.1913	-0.0687	-0.1241	-0.0134	0.9305	0.8498	1.0112	-0.0548
0.7	1	Item238_Critical_Vadv9	11.7049	1.0139	0.0088	0.0357	-0.0181	0.0768	0.1839	-0.0303	-0.0699
0.7	1	ItemCritical_6	6.1822	2.7482	-0.1555	-0.299	-0.012	0.7164	1.2576	0.1753	0.1158
0.7	1	ItemMixed_1	13.6947	3.137	-0.0621	-0.0558	-0.0684	0.1198	-0.52	0.7595	-0.065
0.7	1	ItemMixed_11	8.4682	1.4233	-0.0844	-0.161	-0.0078	0.0072	0.1379	-0.1234	-0.0028
0.7	1	ItemMixed_12	9.6113	3.7853	-0.0252	-0.0325	-0.0179	-0.1474	-0.7408	0.446	-0.0146
0.7	1	ItemMixed_13	9.1361	1.0825	-0.1179	-0.1545	-0.0814	0.2902	0.6633	-0.0828	0.0441
0.7	1	ItemMixed_14	7.1244	1.7	0.0115	0.0364	-0.0134	-1.7248	-2.7801	-0.6696	-0.1004
0.7	1	ItemMixed_15	13.1499	2.7556	-0.0956	-0.1436	-0.0476	-0.815	-1.9721	0.3421	0.0275
0.7	1	ItemMixed_16	12.7071	3.1657	-0.0917	-0.1532	-0.0303	0.6392	2.0134	-0.735	-0.0711
0.7	1	ItemMixed_17	5.0699	1.4673	-0.0938	-0.1495	-0.0382	0.2506	0.4669	0.0343	0.041
0.7	1	ItemMixed_18	6.6618	1.9666	-0.0813	-0.1887	0.0261	-1.0348	-1.2024	-0.8673	0.061
0.7	1	ItemMixed_19	12.1947	1.7177	-0.0762	-0.1379	-0.0145	-0.787	-2.3539	0.78	-0.1416
0.7	1	ItemMixed_2	8.9246	2.6984	-0.0129	-0.0192	-0.0066	1.3164	0.9064	1.7263	-0.033
0.7	1	ItemMixed_21	6.8898	2.4031	-0.0514	-0.0582	-0.0445	0.5587	0.4634	0.6539	-0.015
0.7	1	ItemMixed_22	14.8882	0.378	-0.0377	-0.0563	-0.0192	-0.4724	-0.6685	-0.2762	-0.0765
0.7	1	ItemMixed_23	9.9725	2.9473	-0.0567	-0.0787	-0.0346	0.8377	0.128	1.5473	0.0897
0.7	1	ItemMixed_24	11.6578	1.2399	-0.0578	-0.1056	-0.01	0.8168	0.7983	0.8354	0.0271
0.7	1	ItemMixed_25	10.232	1.2586	-0.0483	0.0013	-0.0978	0.503	0.3637	0.6424	0.0711
0.7	1	ItemMixed_26	11.0745	2.6793	-0.0417	-0.0885	0.0051	-0.2335	-0.4836	0.0166	0.0668
0.7	1	ItemMixed_27	8.9943	0.5542	-0.0511	-0.0491	-0.0531	0.0436	-1.1385	1.2256	0.0196
0.7	1	ItemMixed_28	9.2142	4.0616	0.0139	0.0268	0.001	-1.2943	-1.5808	-1.0077	0.0404
0.7	1	ItemMixed_29	5.3187	1.8889	-0.0335	-0.0356	-0.0314	1.0142	0.817	1.2113	-0.0104
0.7	1	ItemMixed_3	6.2994	3.7467	-0.1092	-0.2057	-0.0126	0.2848	0.3131	0.2566	-0.0259
0.7	1	ItemMixed_30	8.3537	3.0489	-0.0407	-0.0721	-0.0093	0.0084	-0.3919	0.4086	0.0811
0.7	1	ItemMixed_31	16.0449	1.5698	0.0032	0.0016	0.0049	0.7672	1.2286	0.3058	0.0386
0.7	1	ItemMixed_32	8.0338	0.9696	-0.0084	-0.0108	-0.006	-0.6536	-1.0057	-0.3014	0.0832
0.7	1	ItemMixed_33	8.2944	0.8397	-0.0502	-0.0541	-0.0463	1.2717	1.281	1.2623	-0.0174
0.7	1	ItemMixed_34	5.3531	1.306	-0.073	-0.0905	-0.0556	-1.5109	-1.3054	-1.7163	0.1036
0.7	1	ItemMixed_35	15.0844	1.3203	0.0229	0.0436	0.0023	-1.0469	-0.8832	-1.2106	-0.0108
0.7	1	ItemMixed_36	12.0877	1.6615	0.0758	0.1826	-0.0309	-1.152	-0.9854	-1.3186	-0.0526
0.7	1	ItemMixed_37	10.8307	3.0955	-0.0824	-0.1312	-0.0337	1.4077	2.0941	0.7214	-0.0921
0.7	1	ItemMixed_38	10.9349	2.0406	-0.0478	-0.1077	0.0121	-1.4379	-1.5175	-1.3583	0.0432
0.7	1	ItemMixed_39	5.2103	2.8106	-0.0606	-0.1443	0.0231	0.8167	-0.3499	1.9833	0.0258
0.7	1	ItemMixed_4	6.4385	1.823	-0.0855	-0.1537	-0.0173	0.5098	-0.1255	1.1451	0.0456
0.7	1	ItemMixed_40	9.4705	2.8462	-0.0407	-0.0618	-0.0196	-0.8207	-0.7388	-0.9026	0.1704
0.7	1	ItemMixed_41	11.3245	2.266	-0.0434	-0.0851	-0.0017	1.8672	2.0582	1.6761	-0.0184
0.7	1	ItemMixed_42	11.1533	4.1307	-0.0913	-0.1328	-0.0497	1.1768	1.2412	1.1124	0.042
0.7	1	ItemMixed_43	7.6457	1.254	-0.0581	-0.0488	-0.0675	-0.2195	0.0935	-0.5324	-0.0631
0.7	1	ItemMixed_5	12.4369	3.0524	-0.0188	-0.0404	0.0029	1.8222	2.185	1.4593	-0.0835
0.7	1	ItemMixed_6	13.7213	1.1093	-0.0914	-0.1792	-0.0036	-0.7927	-1.7607	0.1754	-0.0375
0.7	1	ItemMixed_7	6.6918	2.175	-0.0427	-0.0872	0.0018	-0.728	-0.6149	-0.841	0.0472
0.7	1	ItemMixed_8	8.0069	1.6881	0.05	0.115	-0.015	-0.7568	-1.2474	-0.2661	0.0675
0.7	1	ItemMixed_9	5.7162	1.0158	-0.0816	-0.175	0.0118	-0.4711	-0.7663	-0.176	-0.055
0.75	1	Item232_Critical_0	5.0801	1.6047	-0.2188	-0.469	0.0315	0.2351	0.5208	-0.0507	-0.0466
0.75	1	Item232_Critical_1	9.2005	1.5344	-0.2815	-0.531	-0.0321	-0.2019	-0.1254	-0.2783	0.102
0.75	1	Item232_Critical_10	8.8926	0.016	-0.1101	-0.2474	0.0273	-0.2819	-0.2747	-0.2891	-0.1231
0.75	1	Item232_Critical_11	11.5383	0.2814	-0.3796	-0.7395	-0.0198	-1.8184	-1.2068	-2.43	-0.0397
0.75	1	Item232_Critical_12	11.1682	0.3686	-0.1265	-0.2187	-0.0343	-0.1402	0.0514	-0.3318	0.0165
0.75	1	Item232_Critical_13	8.8129	-0.0587	-0.1283	-0.2362	-0.0205	-0.6131	-1.1963	-0.03	0.0026
0.75	1	Item232_Critical_14	5.696	0.9378	-0.3547	-0.621	-0.0885	-1.4194	0.3281	-3.1668	0.08
0.75	1	Item232_Critical_15	10.8451	0.2177	-0.1381	-0.2938	0.0175	-0.8521	-0.6536	-1.0506	0.019
0.75	1	Item232_Critical_16	10.7326	1.6262	-0.2351	-0.4605	-0.0098	1.8339	2.3599	1.3079	-0.13
0.75	1	Item232_Critical_17	5.3846	1.2778	-0.3368	-0.6473	-0.0264	0.281	0.3315	0.2306	-0.0046
0.75	1	Item232_Critical_18	5.4327	1.0555	-0.2547	-0.5192	0.0098	0.2195	0.433	0.0059	-0.1263
0.75	1	Item232_Critical_19	10.8001	1.6911	-0.2047	-0.3518	-0.0576	0.546	1.3445	-0.2526	-0.086
0.75	1	Item232_Critical_2	5.1733	1.1408	-0.2851	-0.5387	-0.0316	0.2887	0.9236	-0.3463	0.0429
0.75	1	Item232_Critical_20	9.689	0.4872	-0.1736	-0.3425	-0.0046	-0.0725	-0.0286	-0.1164	-0.0703
0.75	1	Item232_Critical_21	11.9936	0.2602	-0.137	-0.2995	0.0256	-0.0144	0.2781	-0.3068	0.0199
0.75	1	Item232_Critical_23	8.342	0.0847	-0.0207	-0.02	-0.0215	-0.7546	-0.4762	-1.033	-0.0104
0.75	1	Item232_Critical_24	9.6364	0.1031	-0.2047	-0.3639	-0.0456	1.316	1.2364	1.3957	0.0718
0.75	1	Item232_Critical_25	5.9579	1.1099	-0.2892	-0.5546	-0.0238	0.8259	2.2585	-0.6068	0.0827
0.75	1	Item232_Critical_26	6.3424	2.5636	-0.3516	-0.7555	0.0522	0.7331	0.3563	1.11	-0.1414
0.75	1	Item232_Critical_27	11.4784	-0.0719	-0.1686	-0.2805	-0.0567	-1.0025	-0.7148	-1.2901	0.0524
0.75	1	Item232_Critical_28	10.1903	1.2076	-0.2078	-0.3751	-0.0405	1.0562	1.5189	0.5934	-0.1132
0.75	1	Item232_Critical_3	6.1618	0.8376	-0.1707	-0.3608	0.0194	3.1614	4.4062	1.9165	-0.0577
0.75	1	Item232_Critical_30	5.9361	1.8952	-0.3471	-0.6511	-0.0432	1.1429	1.1841	1.1017	-0.0506
0.75	1	Item232_Critical_4	11.8083	0.9943	-0.2335	-0.4686	0.0015	1.28	2.5306	0.0294	-0.0634
0.75	1	Item232_Critical_5	8.409	0.3733	-0.1747	-0.3139	-0.0355	1.9818	2.6725	1.2911	-0.1236
0.75	1	Item232_Critical_6	8.6479	0.8857	-0.1472	-0.3083	0.014	0.7113	2.1586	-0.7359	-0.0093
0.75	1	Item232_Critical_7	9.6648	-0.5274	-0.1682	-0.3068	-0.0296	0.866	1.5937	0.1382	0.0341
0.75	1	Item232_Critical_8	10.0222	1.0888	-0.2959	-0.5676	-0.0241	-0.0893	0.2684	-0.447	0.0658
0.75	1	Item232_Critical_9	5.1847	1.687	-0.1838	-0.3903	0.0226	-1.8881	-0.0402	-3.736	0.1691
0.75	1	Item238_Critical_VAdv1	15.9366	0.0615	-0.085	-0.2132	0.0432	NA	NA	NA	NA
0.75	1	Item238_Critical_VN1	5.5037	0.788	-0.1919	-0.3977	0.0139	1.3495	2.1295	0.5694	0.0617
0.75	1	Item238_Critical_VN2	11.0559	0.0968	-0.379	-0.7518	-0.0062	-1.6865	-0.2651	-3.108	-0.0307
0.75	1	Item238_Critical_VN3	11.2777	1.2756	-0.3062	-0.6055	-0.0069	-0.2608	-0.1466	-0.3749	0.0265
0.75	1	Item238_Critical_VN5	13.1558	1.6052	-0.2915	-0.5972	0.0143	0.5431	0.3943	0.692	0.0573
0.75	1	Item238_Critical_Vadv1	14.1802	1.3699	-0.2273	-0.4244	-0.0303	NA	NA	NA	NA
0.75	1	Item238_Critical_Vadv2	15.3043	-0.3381	0.0109	0.016	0.0059	-0.0325	-0.0713	0.0063	0.0256
0.75	1	Item238_Critical_Vadv3	10.1664	-0.6941	0.0043	-0.0313	0.04	1.2919	1.2255	1.3582	0.1085
0.75	1	Item238_Critical_Vadv5	10.9344	1.5344	-0.0545	-0.1274	0.0183	0.0321	-0.0592	0.1233	-0.0513
0.75	1	Item238_Critical_Vadv6	10.2211	0.3174	-0.0177	-0.0179	-0.0175	-1.0936	-0.9702	-1.2171	-0.0548
0.75	1	Item238_Critical_Vadv7	11.7153	0.0473	0.0028	-0.0106	0.0163	1.029	1.0388	1.0192	-0.0673
0.75	1	Item238_Critical_Vadv8	5.9966	0.4652	-0.0156	-0.0155	-0.0157	0.5725	0.9665	0.1784	0.0008
0.75	1	Item238_Critical_Vadv9	11.1707	2.0539	-0.0376	-0.0391	-0.0361	0.3313	0.2507	0.412	-0.0548
0.75	1	ItemCritical_6	6.7881	1.5332	-0.3282	-0.5998	-0.0566	1.7108	2.909	0.5126	0.0921
0.85	1	Item232_Critical_0	5.7016	-0.1344	-0.0286	0.0186	-0.0759	-0.6493	-0.7143	-0.5843	0.0547
0.85	1	Item232_Critical_1	9.7681	-0.0308	-0.0181	0.0115	-0.0478	-0.8966	-1.2797	-0.5136	0.0218
0.85	1	Item232_Critical_10	8.8291	-1.2248	0.0388	0.0427	0.0349	-0.3899	-0.0865	-0.6934	-0.0259
0.85	1	Item232_Critical_11	11.7226	-1.7762	-0.0032	-0.0387	0.0322	-2.7632	-2.9972	-2.5292	0.0569
0.85	1	Item232_Critical_12	11.2051	-0.0389	0.0044	0.0361	-0.0273	-1.3886	-1.0891	-1.688	-0.0324
0.85	1	Item232_Critical_13	8.4234	-1.2392	-0.0019	0.0191	-0.0228	-1.2598	-2.6236	0.1039	0.0496
0.85	1	Item232_Critical_14	6.9809	-0.9681	0.0185	0.0165	0.0205	-2.5127	-1.7047	-3.3208	0.0285
0.85	1	Item232_Critical_15	10.7919	-0.835	-0.0194	-0.0174	-0.0215	-1.5841	-1.4318	-1.7364	0.0094
0.85	1	Item232_Critical_16	11.1713	0.0866	0.0174	0.0215	0.0134	1.4505	2.0022	0.8988	0.0306
0.85	1	Item232_Critical_17	6.2247	-2.3344	0.0026	0.0113	-0.006	-0.5724	-1.0005	-0.1443	0.032
0.85	1	Item232_Critical_18	6.2838	-0.9994	0.0093	0.0345	-0.016	-0.3953	-0.4214	-0.3691	0.0885
0.85	1	Item232_Critical_19	11.3369	0.9826	-0.0184	-0.0122	-0.0245	-0.2784	-0.628	0.0712	0.087
0.85	1	Item232_Critical_2	5.3859	-1.807	-0.0143	-0.0134	-0.0152	-0.9232	-1.1811	-0.6653	-0.0874
0.85	1	Item232_Critical_20	9.7787	-1.2261	0.0084	0.0019	0.0149	-0.4166	-0.175	-0.6581	-0.0405
0.85	1	Item232_Critical_21	12.1502	-1.3576	0.0336	0.0389	0.0282	-0.69	-1.3167	-0.0632	-0.0588
0.85	1	Item232_Critical_23	8.1431	-1.0584	-0.0043	-0.0195	0.0109	-1.1981	-0.7216	-1.6745	-0.01
0.85	1	Item232_Critical_24	10.0364	-1.6389	0.0024	0.0189	-0.0141	0.7482	0.2457	1.2506	0.0374
0.85	1	Item232_Critical_25	6.717	-0.3827	-0.0133	0.0189	-0.0455	-0.8992	-0.8811	-0.9172	-0.1266
0.85	1	Item232_Critical_26	7.0458	-1.604	-0.0213	-0.0549	0.0124	1.2257	1.0348	1.4166	-0.015
0.85	1	Item232_Critical_27	11.1211	-2.0004	-0.0153	-0.0219	-0.0087	-2.0601	-2.6864	-1.4337	-0.0481
0.85	1	Item232_Critical_28	10.1527	-1.7122	0.012	-0.0089	0.0329	0.4356	0.4111	0.46	-0.0788
0.85	1	Item232_Critical_3	6.9461	-0.2762	-0.0503	-0.018	-0.0826	1.3894	1.8964	0.8823	-0.0739
0.85	1	Item232_Critical_30	6.3348	-0.6921	-0.0171	-0.0215	-0.0127	0.3505	-0.2917	0.9927	-0.0083
0.85	1	Item232_Critical_4	12.0217	-0.7493	0.0109	0.0088	0.013	0.2709	0.785	-0.2432	0.0048
0.85	1	Item232_Critical_5	9.1124	-0.679	-0.0328	-0.0272	-0.0385	0.4103	1.4986	-0.6781	0.0691
0.85	1	Item232_Critical_6	8.811	-1.2952	0.0212	0.028	0.0143	-1.0294	-1.0445	-1.0143	-0.0097
0.85	1	Item232_Critical_7	9.2138	-2.1529	-0.0154	-0.0232	-0.0076	-0.7371	-0.8807	-0.5934	-0.1011
0.85	1	Item232_Critical_8	10.5463	-1.619	0.0142	0.0018	0.0265	-0.6903	-0.7253	-0.6554	0.0524
0.85	1	Item232_Critical_9	5.7829	0.1491	0.0116	0.0182	0.005	-3.5951	-3.4135	-3.7768	0.0471
0.85	1	Item238_Critical_VAdv1	16.4085	-0.0543	-0.0263	-0.0137	-0.0388	NA	NA	NA	NA
0.85	1	Item238_Critical_VN1	5.6473	-0.4514	0.0158	-0.0014	0.0329	0.8159	0.8904	0.7414	0.005
0.85	1	Item238_Critical_VN2	12.0868	-1.0857	-0.0006	-0.0081	0.007	-1.6509	-1.0777	-2.224	-0.0111
0.85	1	Item238_Critical_VN3	12.1146	-0.4781	-0.0039	-0.0094	0.0015	-0.5945	-1.0212	-0.1678	0.0267
0.85	1	Item238_Critical_VN5	14.302	-0.2966	-0.0094	0.001	-0.0199	0.3318	0.3394	0.3242	-0.013
0.85	1	Item238_Critical_Vadv1	14.401	-0.0919	0.0696	0.0761	0.063	NA	NA	NA	NA
0.85	1	Item238_Critical_Vadv2	15.3189	-0.0037	0.0304	0.0378	0.023	0.0593	0.0948	0.0239	-0.0289
0.85	1	Item238_Critical_Vadv3	9.3185	0.1995	-0.0059	0.0005	-0.0124	1.1167	1.3995	0.834	-0.0436
0.85	1	Item238_Critical_Vadv5	11.7617	0.0086	-0.0178	-0.0168	-0.0189	0.0809	0.0817	0.0801	0.02
0.85	1	Item238_Critical_Vadv6	10.3942	0.0618	-0.0065	-0.0069	-0.0061	-1.3883	-1.3046	-1.4721	-0.0185
0.85	1	Item238_Critical_Vadv7	11.4765	0.0613	0.0123	-0.0179	0.0426	1.6439	1.8252	1.4625	0.0226
0.85	1	Item238_Critical_Vadv8	6.2476	0.1197	-0.0094	-0.0213	0.0025	0.0952	0.1388	0.0517	-0.0521
0.85	1	Item238_Critical_Vadv9	12.1936	0.0159	-0.0489	-0.0706	-0.0271	-0.0507	-0.1468	0.0453	-0.0925
0.85	1	ItemCritical_6	8.0713	-0.7825	0.0214	0.0395	0.0032	0.083	0.2248	-0.0589	0.0464
